-- phpMyAdmin SQL Dump
-- version 5.2.1
-- https://www.phpmyadmin.net/
--
-- Host: 127.0.0.1
-- Generation Time: Aug 31, 2025 at 06:49 AM
-- Server version: 10.4.32-MariaDB
-- PHP Version: 8.3.12

SET SQL_MODE = "NO_AUTO_VALUE_ON_ZERO";
START TRANSACTION;
SET time_zone = "+00:00";


/*!40101 SET @OLD_CHARACTER_SET_CLIENT=@@CHARACTER_SET_CLIENT */;
/*!40101 SET @OLD_CHARACTER_SET_RESULTS=@@CHARACTER_SET_RESULTS */;
/*!40101 SET @OLD_COLLATION_CONNECTION=@@COLLATION_CONNECTION */;
/*!40101 SET NAMES utf8mb4 */;

--
-- Database: `pinspk`
--

-- --------------------------------------------------------

--
-- Table structure for table `blocks`
--

CREATE TABLE `blocks` (
  `id` bigint(20) UNSIGNED NOT NULL,
  `name` varchar(255) NOT NULL,
  `sector_id` bigint(20) UNSIGNED NOT NULL,
  `created_at` timestamp NULL DEFAULT NULL,
  `updated_at` timestamp NULL DEFAULT NULL
) ENGINE=InnoDB DEFAULT CHARSET=utf8mb4 COLLATE=utf8mb4_unicode_ci;

--
-- Dumping data for table `blocks`
--

INSERT INTO `blocks` (`id`, `name`, `sector_id`, `created_at`, `updated_at`) VALUES
(1, 'Precinct-1', 1, NULL, NULL),
(2, 'Precinct-2', 1, NULL, NULL),
(3, 'Precinct-3', 1, NULL, NULL),
(4, 'Precinct-4', 1, NULL, NULL),
(5, 'Precinct-5', 1, NULL, NULL),
(6, 'Precinct-6', 1, NULL, NULL),
(7, 'Precinct-7', 1, NULL, NULL),
(8, 'Precinct-8', 1, NULL, NULL),
(9, 'Precinct-9', 1, NULL, NULL),
(10, 'Precinct-10', 1, NULL, NULL),
(11, 'Precinct-11', 1, NULL, NULL),
(12, 'Precinct-12', 1, NULL, NULL),
(13, 'Precinct-13', 1, NULL, NULL),
(14, 'Precinct-14', 1, NULL, NULL),
(15, 'Precinct-15', 1, NULL, NULL),
(16, 'Precinct-15B', 1, NULL, NULL),
(17, 'Precinct-16', 1, NULL, NULL),
(18, 'Precinct-17', 1, NULL, NULL),
(19, 'Precinct-18', 1, NULL, NULL),
(20, 'Precinct-19', 1, NULL, NULL),
(21, 'Precinct-20', 1, NULL, NULL),
(22, 'Precinct-21', 1, NULL, NULL),
(23, 'Precinct-22', 1, NULL, NULL),
(24, 'Precinct-23', 1, NULL, NULL),
(25, 'Precinct-24', 1, NULL, NULL),
(26, 'Precinct-25', 1, NULL, NULL),
(27, 'Precinct-25A', 1, NULL, NULL),
(28, 'Precinct-26', 1, NULL, NULL),
(29, 'Precinct-26A', 1, NULL, NULL),
(30, 'Precinct-27', 1, NULL, NULL),
(31, 'Precinct-27A', 1, NULL, NULL),
(32, 'Precinct-28', 1, NULL, NULL),
(33, 'Precinct-29', 1, NULL, NULL),
(34, 'Precinct-30', 1, NULL, NULL),
(35, 'Precinct-31', 1, NULL, NULL),
(36, 'Precinct-32', 1, NULL, NULL),
(37, 'Precinct-33', 1, NULL, NULL),
(38, 'Sector R-4', 4, NULL, NULL),
(39, 'Precinct-34', 2, NULL, NULL),
(40, 'Precinct-35', 2, NULL, NULL),
(41, 'Precinct-36', 2, NULL, NULL),
(42, 'Precinct-37', 2, NULL, NULL),
(44, 'Precinct-38', 2, NULL, NULL),
(45, 'Precinct-39', 2, NULL, NULL),
(46, 'Precinct-40', 2, NULL, NULL),
(47, 'Precinct-41', 2, NULL, NULL),
(48, 'Precinct-42', 2, NULL, NULL),
(49, 'Precinct-42A', 2, NULL, NULL),
(50, 'Precinct-43', 2, NULL, NULL),
(51, 'Precinct-44', 2, NULL, NULL),
(52, 'Precinct-45', 2, NULL, NULL),
(53, 'Block 1', 5, NULL, NULL),
(55, 'Precinct-15A', 1, NULL, NULL),
(58, 'Sector 5E', 8, NULL, NULL),
(59, 'Tower-A', 11, NULL, NULL),
(60, 'Tower-B', 11, NULL, NULL),
(61, 'Tower-C', 11, NULL, NULL),
(62, 'Tower-D', 11, NULL, NULL),
(63, 'Tower-E', 11, NULL, NULL),
(64, 'Tower-F', 11, NULL, NULL),
(65, 'Tower-G', 11, NULL, NULL),
(66, 'Tower-H', 11, NULL, NULL),
(67, 'Tower-I', 11, NULL, NULL),
(68, 'Tower-J', 11, NULL, NULL),
(69, 'Tower-K', 11, NULL, NULL),
(70, 'Tower-L', 11, NULL, NULL),
(71, 'Tower-M', 11, NULL, NULL),
(72, 'Precinct-31', 10, NULL, NULL),
(73, 'Precinct-27', 10, NULL, NULL),
(74, 'Tower-1', 9, NULL, NULL),
(75, 'Sadaf Paradise', 12, NULL, NULL),
(76, 'Block 1', 13, NULL, NULL),
(77, 'Block 2', 13, NULL, NULL),
(78, 'Block 3', 13, NULL, NULL),
(79, 'Block 4', 13, NULL, NULL),
(80, 'Block 5', 13, NULL, NULL),
(81, 'Block 1', 15, NULL, NULL),
(82, 'Block 2', 15, NULL, NULL),
(83, 'Block 3', 15, NULL, NULL),
(84, 'Block 4', 15, NULL, NULL),
(85, 'Block A', 16, NULL, NULL),
(86, 'Block B', 16, NULL, NULL),
(87, 'Block 5', 16, NULL, NULL),
(88, 'Block 4', 16, NULL, NULL),
(89, 'Block 3', 16, NULL, NULL),
(90, 'Block 2', 16, NULL, NULL),
(91, 'Block 1', 16, NULL, NULL),
(92, 'Block C', 16, NULL, NULL),
(93, 'Block D', 16, NULL, NULL),
(94, 'Tower-2', 9, NULL, NULL),
(95, 'Tower-3', 9, NULL, NULL),
(96, 'Tower-4', 9, NULL, NULL),
(97, 'Tower-5', 9, NULL, NULL),
(98, 'Tower-6', 9, NULL, NULL),
(99, 'Tower-7', 9, NULL, NULL),
(100, 'Tower-8', 9, NULL, NULL),
(101, 'Tower-9', 9, NULL, NULL),
(102, 'Tower-10', 9, NULL, NULL),
(103, 'Tower-11', 9, NULL, NULL),
(104, 'Tower-12', 9, NULL, NULL),
(105, 'Tower-13', 9, NULL, NULL),
(106, 'Tower-14', 9, NULL, NULL),
(107, 'Tower-15', 9, NULL, NULL),
(108, 'Tower-16', 9, NULL, NULL),
(109, 'Tower-17', 9, NULL, NULL),
(110, 'Tower-18', 9, NULL, NULL),
(111, 'Precinct-46', 3, NULL, NULL),
(112, 'Precinct-47', 3, NULL, NULL),
(113, 'Precinct-48', 3, NULL, NULL),
(114, 'Precinct-49', 3, NULL, NULL),
(115, 'Precinct-50', 3, NULL, NULL),
(116, 'Precinct-51', 3, NULL, NULL),
(117, 'Precinct-52', 3, NULL, NULL),
(118, 'Precinct-53', 3, NULL, NULL),
(119, 'Precinct-54', 3, NULL, NULL),
(120, 'Precinct-55', 3, NULL, NULL),
(121, 'Precinct-56', 3, NULL, NULL),
(122, 'Precinct-57', 3, NULL, NULL),
(123, 'Tower-19', 9, NULL, NULL),
(124, 'Tower-20', 9, NULL, NULL),
(125, 'Tower-21', 9, NULL, NULL),
(126, 'Tower-22', 9, NULL, NULL),
(127, 'Tower-23', 9, NULL, NULL),
(128, 'Tower-24', 9, NULL, NULL),
(129, 'Tower-25', 9, NULL, NULL),
(130, 'Tower-26', 9, NULL, NULL),
(131, 'Block 1', 17, NULL, NULL),
(132, 'Block 2', 17, NULL, NULL),
(133, 'Block 3', 17, NULL, NULL),
(134, 'Sector 15-A/1', 18, NULL, NULL),
(135, 'Sector 15-A/2', 18, NULL, NULL),
(136, 'Sector 15-A/3', 18, NULL, NULL),
(137, 'Sector 15-A/4', 18, NULL, NULL),
(138, 'Sector 15-A/5', 18, NULL, NULL),
(139, 'Sector 15-B', 18, NULL, NULL),
(140, 'Sector 16-A', 18, NULL, NULL),
(141, 'Phase I', 19, NULL, NULL),
(142, 'Block 4', 17, NULL, NULL),
(143, 'Block 5', 17, NULL, NULL),
(144, 'Rok Cooperative Housing Society  Sector 6A', 20, NULL, NULL),
(145, 'Phase 1  (Bab e Ghazi)', 21, NULL, NULL),
(146, 'Phase 2  (Bab e Arif)', 21, NULL, NULL),
(147, 'Phase 3  (Bab e Iqbal)', 21, NULL, NULL),
(148, 'Diamond City', 23, NULL, NULL),
(149, 'Block A', 24, NULL, NULL),
(150, 'Block B', 24, NULL, NULL),
(151, 'Precinct-29A', 1, NULL, NULL),
(152, 'Precinct-29B', 1, NULL, NULL),
(153, 'Precinct-29C', 1, NULL, NULL),
(154, 'Precinct-32A', 1, NULL, NULL),
(155, 'Precinct-32B', 1, NULL, NULL),
(156, 'Precinct-32C', 1, NULL, NULL),
(157, 'Precinct-32D', 1, NULL, NULL),
(158, 'Precinct-33A', 1, NULL, NULL),
(159, 'Precinct-33B', 1, NULL, NULL),
(160, 'Precinct-33C', 1, NULL, NULL),
(161, 'Precinct-11', 10, NULL, NULL),
(162, 'Precinct-10', 10, NULL, NULL),
(163, 'Precinct-2 (Quaid Villa)', 10, NULL, NULL),
(164, 'Precinct-2 (Iqbal Villa)', 10, NULL, NULL),
(165, 'Block A', 25, NULL, NULL),
(166, 'Karachi University Cooperative Housing Society', 26, NULL, NULL),
(167, 'Pak Audit Cooperative Housing Society', 27, NULL, NULL),
(168, 'Block 7', 28, NULL, NULL),
(169, 'Pak Air Crew CHS', 30, NULL, NULL),
(170, 'Meerut CHS 9A', 31, NULL, NULL),
(171, 'Kokan Muslim CHS', 32, NULL, NULL),
(172, 'Kaghan CHS', 33, NULL, NULL),
(173, '2 Bed (950 Sqft)', 9, NULL, NULL),
(174, '3 Beds (2250 Sqft)', 9, NULL, NULL),
(175, '2 Beds (1100 Sqft)', 11, NULL, NULL),
(176, 'Corniche CHS 17/A', 34, NULL, NULL),
(177, 'Govt Teacher CHS 16A', 35, NULL, NULL),
(178, 'Hazel', 36, NULL, NULL),
(179, 'SBP CHS 17/A', 37, NULL, NULL),
(180, 'Block 4', 38, NULL, NULL),
(181, 'Diamond Tower Phase 2', 23, NULL, NULL),
(182, 'Phase I', 39, NULL, NULL),
(183, 'Phase 1', 40, NULL, NULL),
(184, 'Gawalior CHS 17A', 41, NULL, NULL),
(185, 'Hansa CHS 36A', 42, NULL, NULL),
(186, 'Ali Garh CHS 9/A', 43, NULL, NULL),
(187, 'Ali Garh CHS 9/B', 43, NULL, NULL),
(188, 'Ali Garh CHS 5/A', 43, NULL, NULL),
(189, 'Block 5', 164, NULL, NULL),
(190, 'Phase 1', 46, NULL, NULL),
(191, 'Phase 2', 46, NULL, NULL),
(192, 'Phase 3', 46, NULL, NULL),
(193, 'Okhai Mandal CHS 48/A', 47, NULL, NULL),
(194, 'Govt Teacher CHS 19/A', 35, NULL, NULL),
(195, 'Alnoor CHS 54/A', 48, NULL, NULL),
(196, 'Fareed Niazi Society 20/A', 49, NULL, NULL),
(197, 'Block 6', 17, NULL, NULL),
(198, 'Block 7', 17, NULL, NULL),
(199, 'Diamond Tower Phase 1', 23, NULL, NULL),
(200, 'Diamond Tower Phase 3', 23, NULL, NULL),
(201, 'High Court 54/A', 50, NULL, NULL),
(202, 'Sadaf CHS 15/A', 51, NULL, NULL),
(203, 'Arisha CHS Sector 6/A', 53, NULL, NULL),
(204, 'Block Q1', 52, NULL, NULL),
(205, 'Block R1', 54, NULL, NULL),
(206, 'Block R2', 54, NULL, NULL),
(207, 'Block R3', 54, NULL, NULL),
(208, 'Block R4', 54, NULL, NULL),
(209, 'Block R5', 54, NULL, NULL),
(210, 'Kaneez Fatima CHS 16/A', 55, NULL, NULL),
(211, 'ICHS Town', 56, NULL, NULL),
(212, 'Capital CHS 35/A', 57, NULL, NULL),
(213, 'Al Ghafoor Orchid', 59, NULL, NULL),
(214, 'Sector 19/A', 58, NULL, NULL),
(215, 'ICI CHS 49/A', 60, NULL, NULL),
(216, 'Block U1', 62, NULL, NULL),
(217, 'Block U2', 62, NULL, NULL),
(218, 'Block U3', 62, NULL, NULL),
(219, 'Block V1', 63, NULL, NULL),
(220, 'Block V2', 63, NULL, NULL),
(221, 'Block V3', 63, NULL, NULL),
(222, 'Block V4', 63, NULL, NULL),
(223, 'Block W1', 64, NULL, NULL),
(224, 'Block W2', 64, NULL, NULL),
(225, 'Block W3', 64, NULL, NULL),
(226, 'Block W4', 64, NULL, NULL),
(227, 'Block W5', 64, NULL, NULL),
(228, 'Madras CHS', 65, NULL, NULL),
(229, 'New Liyari CHS', 66, NULL, NULL),
(230, 'Block X1', 67, NULL, NULL),
(231, 'Block X2', 67, NULL, NULL),
(232, 'Block X3', 67, NULL, NULL),
(233, 'Block X4', 67, NULL, NULL),
(234, 'Block X5', 67, NULL, NULL),
(235, 'Block X6', 67, NULL, NULL),
(236, 'Block X7', 67, NULL, NULL),
(237, 'Block X8', 67, NULL, NULL),
(238, 'Pilibhit CHS 18/A', 69, NULL, NULL),
(239, 'Type A', 68, NULL, NULL),
(240, 'Type B', 68, NULL, NULL),
(241, 'Northern Bypass', 70, NULL, NULL),
(242, 'Block A', 71, NULL, NULL),
(244, 'Block C', 71, NULL, NULL),
(245, 'Block D', 71, NULL, NULL),
(246, 'Block M', 71, NULL, NULL),
(247, 'Block N', 71, NULL, NULL),
(248, 'Block B', 71, NULL, NULL),
(249, 'Govt Teach CHS 21/A', 35, NULL, NULL),
(251, 'PSO CHS 2/A', 73, NULL, NULL),
(252, 'Quetta Town 18/A', 74, NULL, NULL),
(253, 'Incholi CHS 24/A', 75, NULL, NULL),
(254, 'Marine Height 3', 77, NULL, NULL),
(255, 'Sea Rock Apartment', 76, NULL, NULL),
(256, 'Block A', 78, NULL, NULL),
(257, 'Block B', 78, NULL, NULL),
(258, 'Block C', 78, NULL, NULL),
(259, 'Block D', 78, NULL, NULL),
(260, 'Block E', 78, NULL, NULL),
(261, 'Block G', 78, NULL, NULL),
(262, 'Block H', 78, NULL, NULL),
(263, 'Block I', 78, NULL, NULL),
(264, 'Block J', 78, NULL, NULL),
(265, 'Block F', 78, NULL, NULL),
(267, 'Phase V', 79, NULL, NULL),
(268, 'Pak Scientist CHS 17-A', 80, NULL, NULL),
(269, 'Sector 14/A', 82, NULL, NULL),
(270, 'Sector 14/B', 82, NULL, NULL),
(271, 'PIA CHS 27/A', 83, NULL, NULL),
(272, 'Amber Heights', 84, NULL, NULL),
(273, 'Sector-1', 294, NULL, NULL),
(274, 'Sector-2', 295, NULL, NULL),
(275, 'Sector-4 (A)', 297, NULL, NULL),
(276, 'Sector-4 (B)', 297, NULL, NULL),
(278, 'Sector-4 (C)', 297, NULL, NULL),
(279, 'Sector-4 (D)', 297, NULL, NULL),
(280, 'sector-5 (A)', 247, NULL, NULL),
(281, 'Sector-5 (C)', 247, NULL, NULL),
(282, 'Sector-5 (D)', 247, NULL, NULL),
(283, 'sector-5 (E)', 247, NULL, NULL),
(284, 'Sector-5 (F)', 247, NULL, NULL),
(285, 'Sector-6 (A)', 298, NULL, NULL),
(286, 'Phase 1', 85, NULL, NULL),
(287, 'Phase 2', 85, NULL, NULL),
(288, 'sector-6 (B)', 298, NULL, NULL),
(289, 'Sector-7 (A)', 299, NULL, NULL),
(290, 'Sector-7 (B)', 299, NULL, NULL),
(291, 'Sector-7 (C)', 299, NULL, NULL),
(292, 'Sector-7 (D)', 299, NULL, NULL),
(293, 'Sector-8', 311, NULL, NULL),
(294, 'Sector-9', 312, NULL, NULL),
(295, 'Sector-24/B', 86, NULL, NULL),
(296, 'Sector-10', 313, NULL, NULL),
(297, 'Sector-10 (IV)', 313, NULL, NULL),
(298, 'Sector-10 (V)', 313, NULL, NULL),
(299, 'Sector-10 (IV)', 313, NULL, NULL),
(300, 'Sector-10 (VII)', 313, NULL, NULL),
(301, 'Sector-11 (A)', 318, NULL, NULL),
(302, 'Sector-11 (B)', 318, NULL, NULL),
(304, 'Sector-11 (C)', 318, NULL, NULL),
(305, 'Sector-11 (D)', 318, NULL, NULL),
(307, 'Sector-12', 322, NULL, NULL),
(308, 'Sector-13 (I)', 323, NULL, NULL),
(309, 'Sector-13 (II)', 323, NULL, NULL),
(310, 'Sector-13 (III)', 323, NULL, NULL),
(311, 'Sector-13 (IV)', 323, NULL, NULL),
(312, 'Sector-13 (V)', 323, NULL, NULL),
(313, 'Sector-13 (VI)', 323, NULL, NULL),
(314, 'Sector-13 (VII)', 323, NULL, NULL),
(315, 'PS City Phase-1', 46, NULL, NULL),
(316, 'PS City Phase-2', 46, NULL, NULL),
(317, 'Sector-14 (A)', 330, NULL, NULL),
(318, 'Sector-14 (B)', 330, NULL, NULL),
(319, 'Sector-14 (C)', 330, NULL, NULL),
(320, 'Sector-14 (D)', 330, NULL, NULL),
(321, 'Sector-14 (E)', 330, NULL, NULL),
(322, 'Sector-14 (F)', 330, NULL, NULL),
(323, 'Sector-15 (A)', 336, NULL, NULL),
(324, 'Sector-15 (B)', 336, NULL, NULL),
(325, 'Sector-15 (C)', 336, NULL, NULL),
(326, 'Sector-16 (A)', 339, NULL, NULL),
(327, 'Sector-16 (B)', 339, NULL, NULL),
(328, 'Sector-16 (C)', 339, NULL, NULL),
(329, 'Phase I', 92, NULL, NULL),
(330, 'Memon Nagar 15/A', 93, NULL, NULL),
(331, 'New Lyari Expressway', 94, NULL, NULL),
(332, 'Apartments', 96, NULL, NULL),
(333, 'Block 1', 95, NULL, NULL),
(334, 'Block 6', 13, NULL, NULL),
(335, 'Block 7', 13, NULL, NULL),
(339, 'Residential Apartment', 77, NULL, NULL),
(340, 'Mehak Garden', 99, NULL, NULL),
(341, 'Post Office CHS 25-A', 100, NULL, NULL),
(342, 'Block 1', 55, NULL, NULL),
(343, 'Country Heights I', 101, NULL, NULL),
(344, 'Block B', 102, NULL, NULL),
(345, 'Country Apartments 1', 103, NULL, NULL),
(346, 'Block 5 (C)', 104, NULL, NULL),
(347, 'Block 3', 105, NULL, NULL),
(348, 'Country Terrace 1', 107, NULL, NULL),
(349, 'Phase I', 108, NULL, NULL),
(350, 'Phase II', 108, NULL, NULL),
(351, 'Phase III', 108, NULL, NULL),
(352, 'Gulshan-e-Kareem', 106, NULL, NULL),
(353, 'Muslim Town', 109, NULL, NULL),
(354, 'Block 2', 110, NULL, NULL),
(355, 'Precinct-23A', 10, NULL, NULL),
(356, 'Rado Hill View Apartment', 113, NULL, NULL),
(357, 'Block Q', 114, NULL, NULL),
(358, 'Gizri', 115, NULL, NULL),
(359, 'Aashiana Apartment', 122, NULL, NULL),
(360, 'KDA ECHS 15A', 123, NULL, NULL),
(361, 'Block I', 131, NULL, NULL),
(362, 'Block A', 124, NULL, NULL),
(363, 'Block C', 125, NULL, NULL),
(364, 'Block D', 126, NULL, NULL),
(365, 'Block F', 128, NULL, NULL),
(366, 'Block J', 132, NULL, NULL),
(367, 'Block K', 84, NULL, NULL),
(368, 'Block L', 133, NULL, NULL),
(369, 'Block M', 134, NULL, NULL),
(370, 'Block N', 135, NULL, NULL),
(371, 'Royal Residency', 136, NULL, NULL),
(372, 'Prime Residency', 137, NULL, NULL),
(374, 'Block 1', 138, NULL, NULL),
(375, 'Block 2', 139, NULL, NULL),
(376, 'Block 3', 140, NULL, NULL),
(377, 'Block 4', 141, NULL, NULL),
(378, 'Block 5', 142, NULL, NULL),
(379, 'Block 6', 143, NULL, NULL),
(380, 'Block 7', 144, NULL, NULL),
(381, 'Block 8', 145, NULL, NULL),
(382, 'Block 9', 146, NULL, NULL),
(383, 'Block 10', 147, NULL, NULL),
(384, 'Block 11', 148, NULL, NULL),
(385, 'Block 12', 149, NULL, NULL),
(386, 'Block 13', 150, NULL, NULL),
(387, 'Block 14', 151, NULL, NULL),
(388, 'Block 15', 152, NULL, NULL),
(389, 'Block 16', 153, NULL, NULL),
(390, 'Block 17', 154, NULL, NULL),
(391, 'Block 18', 155, NULL, NULL),
(392, 'Block 19', 156, NULL, NULL),
(393, 'Block 20', 157, NULL, NULL),
(394, 'Block 1', 158, NULL, NULL),
(395, 'Block 2', 159, NULL, NULL),
(396, 'Block 4', 160, NULL, NULL),
(397, 'Block 5 (A)', 104, NULL, NULL),
(398, 'Block 5 (B)', 104, NULL, NULL),
(399, 'Block 5 (D)', 104, NULL, NULL),
(400, 'Block 5 (E)', 104, NULL, NULL),
(401, 'Block 2', 162, NULL, NULL),
(402, 'Block 3', 59, NULL, NULL),
(403, 'Block 4', 163, NULL, NULL),
(404, 'Block 4 (A)', 163, NULL, NULL),
(405, 'Block 6', 165, NULL, NULL),
(406, 'Block 7', 166, NULL, NULL),
(407, 'Block 8', 168, NULL, NULL),
(409, 'Block 9', 169, NULL, NULL),
(410, 'Block 10', 170, NULL, NULL),
(411, 'Block 11', 171, NULL, NULL),
(412, 'Block 13', 172, NULL, NULL),
(413, 'Block 13 A', 172, NULL, NULL),
(414, 'Block 13 B', 172, NULL, NULL),
(415, 'Block 13 C', 172, NULL, NULL),
(416, 'Block 13 D', 172, NULL, NULL),
(417, 'Block 13 D (1)', 172, NULL, NULL),
(418, 'Block 13 D (2)', 172, NULL, NULL),
(419, 'Block 13 D (3)', 172, NULL, NULL),
(420, 'Block 13 E', 172, NULL, NULL),
(421, 'Block 14', 173, NULL, NULL),
(422, 'Block 15', 174, NULL, NULL),
(423, 'Block 16', 175, NULL, NULL),
(424, 'Block 17', 176, NULL, NULL),
(425, 'Block 18', 177, NULL, NULL),
(426, 'Block 19', 178, NULL, NULL),
(427, 'Block 1A', 179, NULL, NULL),
(428, 'Block 2', 180, NULL, NULL),
(429, 'Block 3', 181, NULL, NULL),
(430, 'Block 5', 183, NULL, NULL),
(431, 'Block 6', 29, NULL, NULL),
(432, 'Block 8', 184, NULL, NULL),
(433, 'Block 9', 185, NULL, NULL),
(434, 'Block 10', 186, NULL, NULL),
(435, 'Block 11', 187, NULL, NULL),
(436, 'Block 12', 188, NULL, NULL),
(437, 'Block 13', 189, NULL, NULL),
(438, 'Block 14', 190, NULL, NULL),
(439, 'Block 15', 191, NULL, NULL),
(440, 'Block 16', 192, NULL, NULL),
(441, 'Block 17', 193, NULL, NULL),
(442, 'Block 16A', 113, NULL, NULL),
(443, 'Block 18', 194, NULL, NULL),
(444, 'Block 19', 195, NULL, NULL),
(445, 'Block 20', 196, NULL, NULL),
(446, 'GECHS M9', 198, NULL, NULL),
(447, 'Sector 65', 98, NULL, NULL),
(448, 'Sector 72', 98, NULL, NULL),
(449, 'Sector 73', 98, NULL, NULL),
(450, 'Sector-74', 98, NULL, NULL),
(451, 'Sector 76', 98, NULL, NULL),
(452, 'Sector 79', 98, NULL, NULL),
(453, 'Sector 80', 98, NULL, NULL),
(454, 'Sector 81', 98, NULL, NULL),
(455, 'Sector 88', 98, NULL, NULL),
(456, 'Sector 11', 199, NULL, NULL),
(457, 'Sector 17', 199, NULL, NULL),
(458, 'Sector 17B', 199, NULL, NULL),
(459, 'Sector 18', 199, NULL, NULL),
(460, 'Sector 21', 199, NULL, NULL),
(461, 'Sector 22', 199, NULL, NULL),
(462, 'Sector 23', 199, NULL, NULL),
(463, 'Sector 25', 199, NULL, NULL),
(464, 'Sector 30', 199, NULL, NULL),
(465, 'Sector 31B', 199, NULL, NULL),
(466, 'Sector 37A', 199, NULL, NULL),
(467, 'Sector 49', 199, NULL, NULL),
(468, 'Sector 82', 199, NULL, NULL),
(469, 'Sector 91', 199, NULL, NULL),
(470, 'Sector 93', 199, NULL, NULL),
(471, 'Sector 94', 199, NULL, NULL),
(472, 'Sector 95', 199, NULL, NULL),
(473, 'Chappal Beach View', 117, NULL, NULL),
(474, 'West Point Tower', 201, NULL, NULL),
(475, 'Z K Arcade', 202, NULL, NULL),
(476, 'Empire Center', 196, NULL, NULL),
(477, 'Kaneez Fatima Town', 203, NULL, NULL),
(478, 'Sector-78', 98, NULL, NULL),
(479, 'Musalman-e-Punjab CHS 20-A', 204, NULL, NULL),
(480, 'Karachi Bar CHS 25-A', 205, NULL, NULL),
(481, 'Gulistan-e-Ayesha', 207, NULL, NULL),
(482, 'Pak Chaina Town', 206, NULL, NULL),
(483, 'State Bank Co Operative Society', 208, NULL, NULL),
(484, '5B/3', 209, NULL, NULL),
(485, 'Osman Garden', 210, NULL, NULL),
(486, 'Gulshan-e-Rabia', 211, NULL, NULL),
(487, 'Sector 1', 212, NULL, NULL),
(488, 'Sector 2', 212, NULL, NULL),
(489, 'Sector 3', 212, NULL, NULL),
(490, 'Sector 4', 212, NULL, NULL),
(491, 'Sector 5', 212, NULL, NULL),
(492, 'Sector 6', 212, NULL, NULL),
(493, 'Sector 7', 212, NULL, NULL),
(495, 'Sector 8', 212, NULL, NULL),
(496, 'Sector 9', 212, NULL, NULL),
(497, 'Sector 10', 212, NULL, NULL),
(498, 'Sector 11', 212, NULL, NULL),
(499, 'Sector 12', 212, NULL, NULL),
(500, 'Sector 13', 212, NULL, NULL),
(501, 'Sector 14', 212, NULL, NULL),
(502, 'Sector 15', 212, NULL, NULL),
(503, 'Sector 16', 212, NULL, NULL),
(504, 'Sector 17', 212, NULL, NULL),
(505, 'Sector 18', 212, NULL, NULL),
(506, 'Sector 19', 212, NULL, NULL),
(507, 'Sector 20', 212, NULL, NULL),
(508, 'Sector 21', 212, NULL, NULL),
(509, 'Sector 22', 212, NULL, NULL),
(510, 'Sector 23', 212, NULL, NULL),
(511, 'Sector 24', 212, NULL, NULL),
(512, 'Sector 25', 212, NULL, NULL),
(513, 'KDA Flat 14-B', 82, NULL, NULL),
(514, 'Sector 11', 213, NULL, NULL),
(515, 'Sector 11A', 213, NULL, NULL),
(516, 'Sector 12B', 213, NULL, NULL),
(517, 'Sector 12D', 213, NULL, NULL),
(518, 'Sector 16', 213, NULL, NULL),
(519, 'Sector 16A', 213, NULL, NULL),
(520, 'Sector 17', 213, NULL, NULL),
(521, 'Sector 20', 213, NULL, NULL),
(522, 'Sector 21B', 213, NULL, NULL),
(523, 'Sector 21C', 213, NULL, NULL),
(524, 'Sector 23', 213, NULL, NULL),
(525, 'Sector 31', 213, NULL, NULL),
(526, 'Sector 35', 213, NULL, NULL),
(527, 'Sector 35D', 213, NULL, NULL),
(528, 'Sector 59', 213, NULL, NULL),
(529, 'Sector 59A', 213, NULL, NULL),
(530, 'Sector 59C', 213, NULL, NULL),
(531, 'Sector 28D', 213, NULL, NULL),
(532, 'Sector 27D', 213, NULL, NULL),
(533, 'Sector 37', 213, NULL, NULL),
(534, 'Sector 21', 213, NULL, NULL),
(535, 'Sector 54 A', 98, NULL, NULL),
(537, 'Friends Height', 84, NULL, NULL),
(538, 'Sector 21D', 213, NULL, NULL),
(539, 'Welcome Terrace', 195, NULL, NULL),
(540, 'Magma City Phase 1', 214, NULL, NULL),
(541, 'Model Town Rawat', 215, NULL, NULL),
(542, 'Shaheen Imperium', 216, NULL, NULL),
(543, 'Arif Luxuria', 186, NULL, NULL),
(544, 'Arfat Classic', 38, NULL, NULL),
(545, 'Granada Hills', 217, NULL, NULL),
(546, 'Sher Pao Colony', 218, NULL, NULL),
(547, 'No.5', 219, NULL, NULL),
(548, 'Block 1', 221, NULL, NULL),
(549, 'Block 2', 222, NULL, NULL),
(550, 'Block 3', 223, NULL, NULL),
(551, 'Sector 35', 199, NULL, NULL),
(552, 'Sector 36', 199, NULL, NULL),
(553, 'Sector 49B', 199, NULL, NULL),
(554, 'Sector 50', 199, NULL, NULL),
(555, 'Sector 51', 199, NULL, NULL),
(556, 'Sector 53', 199, NULL, NULL),
(557, 'Sector 54', 199, NULL, NULL),
(558, 'Block J', 225, NULL, NULL),
(559, '4 Beds (2950 Sqft)', 9, NULL, NULL),
(560, 'ITECHS 26A', 226, NULL, NULL),
(561, 'Poineer Arcade', 96, NULL, NULL),
(562, 'Phase 1', 227, NULL, NULL),
(563, 'Phase 2', 227, NULL, NULL),
(564, 'Phase 3', 227, NULL, NULL),
(565, 'Valley Block', 1, NULL, NULL),
(566, 'Diamond Terrace', 228, NULL, NULL),
(567, 'Block 1', 229, NULL, NULL),
(568, 'Umar Block', 230, NULL, NULL),
(569, 'Abu Bakar Block', 230, NULL, NULL),
(570, 'Ali Block', 230, NULL, NULL),
(571, 'Petal Residency', 185, NULL, NULL),
(572, 'Al Ramzan Corner', 231, NULL, NULL),
(573, 'Shadman Arcade', 232, NULL, NULL),
(574, 'Noman Residencia', 233, NULL, NULL),
(575, 'Anum Estate', 234, NULL, NULL),
(576, 'Sabah Centre', 235, NULL, NULL),
(578, 'Kiran Tower', 18, NULL, NULL),
(579, 'Shayan Arcade', 238, NULL, NULL),
(580, 'Block T', 237, NULL, NULL),
(581, 'Green Oaks Farm', 239, NULL, NULL),
(582, 'Theme Park Residency', 241, NULL, NULL),
(583, 'Block C', 24, NULL, NULL),
(584, 'Block D', 24, NULL, NULL),
(585, 'Block F', 24, NULL, NULL),
(586, 'Block H', 24, NULL, NULL),
(587, 'PIA Housing Society', 185, NULL, NULL),
(588, 'Phase I', 242, NULL, NULL),
(589, 'Taiser Heights', 243, NULL, NULL),
(590, 'Phase 1', 244, NULL, NULL),
(591, 'Phase 2', 244, NULL, NULL),
(592, 'Phase I', 246, NULL, NULL),
(593, 'Phase II', 246, NULL, NULL),
(594, 'Phase 1', 245, NULL, NULL),
(595, 'Alam Pride', 247, NULL, NULL),
(596, 'Al Noor Orchard', 249, NULL, NULL),
(597, 'Dominion Twin Towers', 9, NULL, NULL),
(598, 'TNT Sector 26A', 250, NULL, NULL),
(599, 'Residential Apartments', 251, NULL, NULL),
(600, 'Khanial Homes', 252, NULL, NULL),
(601, 'Al Mairaj Garden', 254, NULL, NULL),
(602, 'Bin Alam City Islamabad', 255, NULL, NULL),
(603, 'Al Qaim Midway City', 256, NULL, NULL),
(604, 'Central Park Apartment', 257, NULL, NULL),
(605, 'Block 9', 122, NULL, NULL),
(606, 'Dominion Twin Tower', 258, NULL, NULL),
(607, 'Mashriqi 52-A', 259, NULL, NULL),
(608, 'Cotton Export CHS 51-A', 260, NULL, NULL),
(609, 'Gold Block', 246, NULL, NULL),
(610, 'Customs CHS 52-A', 262, NULL, NULL),
(611, 'Block G', 24, NULL, NULL),
(612, 'Phase 1', 236, NULL, NULL),
(614, 'Phase 2', 200, NULL, NULL),
(615, 'Attawa CHS 52-A', 270, NULL, NULL),
(616, 'Block E', 24, NULL, NULL),
(617, 'Ali Garh Sector 7-B', 43, NULL, NULL),
(618, 'Ali Garh Sector 7-A', 43, NULL, NULL),
(619, 'Jinnah Block', 272, NULL, NULL),
(620, 'Iqbal Block', 272, NULL, NULL),
(621, 'Amna CHS 48-A', 273, NULL, NULL),
(622, 'Block Z1', 243, NULL, NULL),
(623, 'Block Z2', 243, NULL, NULL),
(624, 'Block Z3', 243, NULL, NULL),
(625, 'Block Z4', 243, NULL, NULL),
(626, 'Block Z5', 243, NULL, NULL),
(627, 'Block Z6', 243, NULL, NULL),
(628, 'Saima Shopping Mall Haidery', 128, NULL, NULL),
(629, 'Gulshan-e-Bilal Sector 6', 274, NULL, NULL),
(630, 'Zohra Center', 129, NULL, NULL),
(631, 'Hydri Executive Tower', 128, NULL, NULL),
(632, 'Shadman No. 1', 275, NULL, NULL),
(633, 'Shadman No. 2', 275, NULL, NULL),
(634, 'Township', 276, NULL, NULL),
(635, 'Phase 1', 277, NULL, NULL),
(636, 'Phase 2', 277, NULL, NULL),
(637, 'Phase 3', 277, NULL, NULL),
(638, 'Phase 4', 277, NULL, NULL),
(639, 'Phase 5', 277, NULL, NULL),
(640, 'Phase 6', 277, NULL, NULL),
(641, 'Phase 7', 277, NULL, NULL),
(642, 'Phase 8', 277, NULL, NULL),
(643, 'Waqar Twin Tower Sector 35', 278, NULL, NULL),
(644, 'Faizan City', 279, NULL, NULL),
(645, 'Block 1', 161, NULL, NULL),
(646, 'Shoaib Plaza', 161, NULL, NULL),
(647, 'Rehana Multi Purpose CHS', 280, NULL, NULL),
(648, 'Gulshan-e-Mehmood', 170, NULL, NULL),
(649, 'Hunaid City', 193, NULL, NULL),
(650, 'Sasi Homes', 38, NULL, NULL),
(651, 'Pakistan Media Society', 281, NULL, NULL),
(653, 'County Garden', 282, NULL, NULL),
(654, 'Country Terrace 16-A', 107, NULL, NULL),
(655, 'Country Apartments', 103, NULL, NULL),
(656, 'Country heights', 101, NULL, NULL),
(657, 'Taqi Center', 132, NULL, NULL),
(658, 'Callachi Cooperative Housing Society', 170, NULL, NULL),
(659, 'Gulbahar No. 1', 283, NULL, NULL),
(660, 'Yasir View', 284, NULL, NULL),
(663, 'Phase I', 287, NULL, NULL),
(664, 'Phase II', 287, NULL, NULL),
(665, 'Allah Wala Town', 289, NULL, NULL),
(666, 'Johnson Pride', 290, NULL, NULL),
(667, 'Al-Malik CHS', 288, NULL, NULL),
(668, 'Fahad Square', 291, NULL, NULL),
(669, 'Fariya Apartments Phase 1', 292, NULL, NULL),
(670, 'Fariya Apartments Phase 2', 292, NULL, NULL),
(671, 'Stadium Commercial', 79, NULL, NULL),
(672, 'Zamzama Commercial', 79, NULL, NULL),
(673, 'Tauheed Commercial', 79, NULL, NULL),
(674, 'Badar Commercial', 79, NULL, NULL),
(675, 'Saba Commercial', 79, NULL, NULL),
(676, 'Industrial Commercial Area', 236, NULL, NULL),
(677, 'Commercial Area B', 236, NULL, NULL),
(678, 'Commercial Area A', 200, NULL, NULL),
(679, 'Sunset Boulevard Commercial', 200, NULL, NULL),
(680, 'Commercial Area', 201, NULL, NULL),
(681, '9th & 10th Commercial Street', 263, NULL, NULL),
(682, 'Sunset Commercial Area', 263, NULL, NULL),
(683, 'Bukhari Commercial Area', 265, NULL, NULL),
(684, 'Darakhshan Center', 265, NULL, NULL),
(685, 'Ittehad Commercial Area', 265, NULL, NULL),
(686, 'Muslim Commercial Area', 265, NULL, NULL),
(687, 'Nishat Commercial Area', 265, NULL, NULL),
(688, 'Rahat Commercial Area', 265, NULL, NULL),
(689, 'Shahbaz Commercial Area', 265, NULL, NULL),
(690, 'Jami Commercial Area', 266, NULL, NULL),
(691, 'Sehar Commercial Area', 266, NULL, NULL),
(692, 'Khalid Commercial Area', 268, NULL, NULL),
(693, 'Tariq Commercial Area', 268, NULL, NULL),
(694, 'Ayubi Commercial Area', 268, NULL, NULL),
(695, 'Al-Murtuza Commercial', 267, NULL, NULL),
(696, 'Zulfiqar Commercial Area', 267, NULL, NULL),
(697, 'Peninsula Commercial Area', 267, NULL, NULL),
(698, 'Sahil Commercial Area', 267, NULL, NULL),
(699, 'Business Zone Commercial', 269, NULL, NULL),
(700, 'Sector-3', 296, NULL, NULL),
(701, 'Ajmer Moinia CHS', 361, NULL, NULL),
(702, 'Hadiabad CHS 51-A', 365, NULL, NULL),
(703, 'Sector 60A', 213, NULL, NULL),
(704, 'Sector 60B', 213, NULL, NULL),
(705, 'DHA Gujranwala', 368, NULL, NULL),
(706, 'Pak Colony', 369, NULL, NULL),
(707, 'New Hasrat Mohani Colony', 369, NULL, NULL),
(708, 'Block H', 130, NULL, NULL),
(709, 'Block 4', 117, NULL, NULL),
(710, 'Phase III', 264, NULL, NULL),
(711, 'Phase IV', 263, NULL, NULL),
(712, 'Phase VI', 265, NULL, NULL),
(713, 'Phase VII', 266, NULL, NULL),
(714, 'Phase VII Ext', 268, NULL, NULL),
(715, 'Phase VIII', 267, NULL, NULL),
(716, 'Commandar City M9', 370, NULL, NULL),
(717, 'Al Kamran Center', 372, NULL, NULL),
(718, 'Block 8', 120, NULL, NULL),
(719, 'Al Noor Society', 156, NULL, NULL),
(720, 'Bahria Greens', 373, NULL, NULL),
(721, 'Trio Terrace', 357, NULL, NULL),
(722, 'Phase 1', 374, NULL, NULL),
(723, 'Sultanabad CHS', 375, NULL, NULL),
(724, 'Sunny Heights', 170, NULL, NULL),
(725, 'Fatima Tower', 289, NULL, NULL),
(726, 'Sunny Castle', 190, NULL, NULL),
(727, 'Askari 5', 376, NULL, NULL),
(728, 'Sector 6A', 199, NULL, NULL),
(729, 'Dehli Riyan CHS 51-A', 377, NULL, NULL),
(730, 'Sector 1-A', 379, NULL, NULL),
(732, 'Hina Homes', 293, NULL, NULL),
(733, 'Gulshan-e-Taufeeq Sector 34', 382, NULL, NULL),
(734, 'Sector A Blocks', 383, NULL, NULL),
(735, 'Sector C Blocks', 385, NULL, NULL),
(736, 'Sector 2A', 391, NULL, NULL),
(737, 'Sector 2B', 391, NULL, NULL),
(738, 'Sector 2C', 391, NULL, NULL),
(739, 'Sector 2D', 391, NULL, NULL),
(740, 'Sector 3A', 392, NULL, NULL),
(741, 'Sector 3B', 392, NULL, NULL),
(742, 'Sector 4A', 393, NULL, NULL),
(743, 'Sector 4B', 393, NULL, NULL),
(744, 'Sector 4C', 393, NULL, NULL),
(745, 'Sector 4D', 393, NULL, NULL),
(746, 'Sector 4E', 393, NULL, NULL),
(747, 'Sector 5A', 394, NULL, NULL),
(748, 'Sector 5B', 394, NULL, NULL),
(749, 'Sector 5C', 394, NULL, NULL),
(750, 'Sector 5D', 394, NULL, NULL),
(751, 'Sector 6A', 395, NULL, NULL),
(752, 'Sector 6B', 395, NULL, NULL),
(753, 'Sector 6C', 395, NULL, NULL),
(754, 'Sector 6D', 395, NULL, NULL),
(755, 'Sector 7A', 396, NULL, NULL),
(756, 'Sector 7B', 396, NULL, NULL),
(757, 'Sector 7C', 396, NULL, NULL),
(758, 'Sector 7D', 396, NULL, NULL),
(759, 'Sector 8A', 397, NULL, NULL),
(760, 'Sector 8B', 397, NULL, NULL),
(761, 'Sector 8C', 397, NULL, NULL),
(762, 'Sector 8D', 397, NULL, NULL),
(763, 'Sector 9A', 398, NULL, NULL),
(764, 'Sector 9B', 398, NULL, NULL),
(765, 'Sector 9C', 398, NULL, NULL),
(766, 'Sector 9D', 398, NULL, NULL),
(767, 'Sector 10A', 399, NULL, NULL),
(768, 'Sector 10B', 399, NULL, NULL),
(769, 'Sector 10C', 399, NULL, NULL),
(770, 'Sector 10D', 399, NULL, NULL),
(771, 'Sector 11A', 400, NULL, NULL),
(772, 'Sector 11B', 400, NULL, NULL),
(773, 'Sector 11C', 400, NULL, NULL),
(774, 'Sector 11D', 400, NULL, NULL),
(775, 'Sector 11E', 400, NULL, NULL),
(776, 'Sector 12A', 401, NULL, NULL),
(777, 'Sector 12B', 401, NULL, NULL),
(778, 'Sector 12C', 401, NULL, NULL),
(779, 'Sector 12D', 401, NULL, NULL),
(780, 'Sector 13A', 402, NULL, NULL),
(781, 'Sector 13B', 402, NULL, NULL),
(782, 'Sector 13C', 402, NULL, NULL),
(783, 'Sector 13D', 402, NULL, NULL),
(784, 'Sector 13E', 402, NULL, NULL),
(785, 'Sector 13F', 402, NULL, NULL),
(786, 'Sector 14A', 403, NULL, NULL),
(787, 'Sector 14B', 403, NULL, NULL),
(788, 'Sector 14C', 403, NULL, NULL),
(789, 'Sector 14D', 403, NULL, NULL),
(790, 'Sector 15A', 404, NULL, NULL),
(791, 'Sector 15B', 404, NULL, NULL),
(792, 'Sector 15C', 404, NULL, NULL),
(793, 'Sector 15D', 404, NULL, NULL),
(794, 'Sector 16A', 405, NULL, NULL),
(795, 'Sector 16B', 405, NULL, NULL),
(796, 'Sector 16C', 405, NULL, NULL),
(797, 'Sector 16D', 405, NULL, NULL),
(798, 'Phase 1', 407, NULL, NULL),
(799, 'Phase 2', 407, NULL, NULL),
(800, 'Phase 1', 408, NULL, NULL),
(801, 'Gulshan-e-Askari', 409, NULL, NULL),
(802, 'Sector 19', 410, NULL, NULL),
(803, 'A1', 411, NULL, NULL),
(804, 'A2', 411, NULL, NULL),
(805, 'B1', 412, NULL, NULL),
(806, 'Sector B2', 412, NULL, NULL),
(807, 'C1', 413, NULL, NULL),
(808, 'C2', 413, NULL, NULL),
(809, 'D1', 414, NULL, NULL),
(810, 'D2', 414, NULL, NULL),
(812, 'Sector F Blocks', 388, NULL, NULL),
(813, 'Phase 1', 415, NULL, NULL),
(814, 'Phase 1', 389, NULL, NULL),
(815, 'Sheraton Heights', 96, NULL, NULL),
(816, 'Block A', 416, NULL, NULL),
(817, 'Block B', 416, NULL, NULL),
(818, 'Block C', 416, NULL, NULL),
(819, 'Block D', 416, NULL, NULL),
(820, 'Block E', 416, NULL, NULL),
(821, 'Block F', 416, NULL, NULL),
(822, 'Block G', 417, NULL, NULL),
(823, 'Block H', 417, NULL, NULL),
(824, 'Block I', 417, NULL, NULL),
(825, 'Block J', 417, NULL, NULL),
(826, 'Sector B Blocks', 384, NULL, NULL),
(827, 'Cottage Industry', 98, NULL, NULL),
(828, 'Sector E Blocks', 387, NULL, NULL),
(829, 'Phase 1', 418, NULL, NULL),
(830, 'Moinabad', 419, NULL, NULL),
(831, 'C1 Area', 420, NULL, NULL),
(832, 'Gulistan-e-Sakeena Fatima CHS', 421, NULL, NULL),
(833, 'Gulshan-e-Sharaf Faridi CHS', 422, NULL, NULL),
(834, 'General Block', 424, NULL, NULL),
(835, 'Phase 1', 423, NULL, NULL),
(836, 'Azizabad', 145, NULL, NULL),
(837, 'Phase 1', 425, NULL, NULL),
(838, 'Phase 1', 426, NULL, NULL),
(839, 'Block A', 427, NULL, NULL),
(840, 'Bismillah Terrach 15C', 428, NULL, NULL),
(841, 'Al Zafar Apartment', 129, NULL, NULL),
(842, 'KESC Employees CHS', 271, NULL, NULL),
(843, 'KDA Central View Apartment', 18, NULL, NULL),
(844, 'Mohabbat Nagar', 429, NULL, NULL),
(845, 'Model Colony', 430, NULL, NULL),
(846, 'Malir Luxuria - 1', 227, NULL, NULL),
(847, 'Sector 20B', 431, NULL, NULL),
(848, 'Gulshan-e-Mazdoor', 432, NULL, NULL),
(849, 'Al Madina Housing Society', 433, NULL, NULL),
(850, 'Phase 1', 434, NULL, NULL),
(851, 'Usman Block', 230, NULL, NULL),
(852, 'Phase 1', 435, NULL, NULL),
(853, 'Phase 2', 435, NULL, NULL),
(854, 'Phase 3', 435, NULL, NULL),
(855, 'Phase 4', 435, NULL, NULL),
(856, 'Phase 5', 435, NULL, NULL),
(857, 'Phase 6', 435, NULL, NULL),
(858, 'Phase 7', 435, NULL, NULL),
(859, 'Park View City', 436, NULL, NULL),
(860, 'CBR Residentia', 437, NULL, NULL),
(861, 'Phase 1', 22, NULL, NULL),
(862, 'Phase 2', 22, NULL, NULL),
(863, 'KDA Apartment', 109, NULL, NULL),
(864, 'Phase 1', 439, NULL, NULL),
(865, 'Phase 2', 439, NULL, NULL),
(866, 'Jalala Road', 440, NULL, NULL),
(867, 'Aviation Enclave', 441, NULL, NULL),
(868, 'Phase 8 - Phase 8 (Extension)', 442, NULL, NULL),
(869, 'Chakra Colony', 444, NULL, NULL),
(870, 'Apartment Complex', 445, NULL, NULL),
(871, 'Saima Presedency', 28, NULL, NULL),
(872, 'Maymar Pride', 64, NULL, NULL),
(873, 'Phase 1', 446, NULL, NULL),
(874, 'Phase 1', 447, NULL, NULL),
(875, 'Gulshan-e-Millat', 448, NULL, NULL),
(876, 'Sir Syed CHS 20-A', 449, NULL, NULL),
(877, 'Rupali Residency', 178, NULL, NULL),
(878, 'GM Icon 3', 241, NULL, NULL),
(879, 'Pak Ideal CHS', 450, NULL, NULL),
(880, 'Sindh Secretariat CHS 7A', 452, NULL, NULL),
(881, 'Ghandara CHS 21-A', 364, NULL, NULL),
(882, 'Al Muslim CHS 34-A', 362, NULL, NULL),
(883, 'Phase 1', 453, NULL, NULL),
(884, 'Sector 6A', 454, NULL, NULL),
(885, 'Sector 6B', 454, NULL, NULL),
(886, 'Sector 6C', 454, NULL, NULL),
(887, 'Quetta Town 3/A', 74, NULL, NULL),
(888, 'Sector A', 457, NULL, NULL),
(889, 'Sector B', 457, NULL, NULL),
(890, 'Benazir Colony', 458, NULL, NULL),
(891, 'Phase 1', 460, NULL, NULL),
(892, 'Sector 47', 199, NULL, NULL),
(893, 'Phase 1', 461, NULL, NULL),
(894, 'Gulshan-e-Ghazian CHS 51A', 462, NULL, NULL),
(895, 'KDA ECHS 21', 123, NULL, NULL),
(896, 'Block A', 469, NULL, NULL),
(897, 'Block B', 469, NULL, NULL),
(898, 'Block C', 469, NULL, NULL),
(899, 'Block D', 469, NULL, NULL),
(900, 'Block E', 469, NULL, NULL),
(901, 'Mehmood ul Haq 48A', 471, NULL, NULL),
(902, 'Phase 1', 472, NULL, NULL),
(903, 'Dehli Panjabi Sodagran Society 31-G', 473, NULL, NULL),
(904, 'Nayab Plaza', 91, NULL, NULL),
(905, 'Khawaja Ajmeer Nagri', 480, NULL, NULL),
(906, 'SBP ECHS 8/A', 37, NULL, NULL),
(907, 'Bhittai Colony', 481, NULL, NULL),
(908, 'Al Jannat City', 482, NULL, NULL),
(909, 'Al Hamra Palace', 82, NULL, NULL),
(910, 'Al Ghafoor Grande City', 322, NULL, NULL),
(911, 'Phase 1', 483, NULL, NULL),
(912, 'Phase 2', 483, NULL, NULL),
(913, 'Area 1D', 485, NULL, NULL),
(914, '5C/1', 209, NULL, NULL),
(915, '5C/2', 209, NULL, NULL),
(916, '5C/3', 209, NULL, NULL),
(917, '5C/4', 209, NULL, NULL),
(918, 'Phase 1', 487, NULL, NULL),
(919, 'Phase 1', 492, NULL, NULL),
(920, 'Block 1', 493, NULL, NULL),
(921, 'Phase 1', 463, NULL, NULL),
(922, 'Shahdara Point', 494, NULL, NULL),
(923, 'Al Ghafoor Residencia', 162, NULL, NULL),
(924, 'Block A', 495, NULL, NULL),
(925, 'Anika Heights', 496, NULL, NULL),
(926, 'Saltanat Service Apartment', 496, NULL, NULL),
(927, 'Liberty Clock Tower', 496, NULL, NULL),
(928, 'Al Ghafoor Livena', 105, NULL, NULL),
(929, 'Al Ghafoor Duplexes', 222, NULL, NULL),
(932, 'Mont Vista', 128, NULL, NULL),
(933, 'Block 1', 498, NULL, NULL),
(934, 'Post Office CHS 26-A', 100, NULL, NULL),
(935, 'Meerut CHS 8A', 31, NULL, NULL),
(936, 'G-14/1', 500, NULL, NULL),
(937, 'G-14/2', 500, NULL, NULL),
(938, 'Block 1', 76, NULL, NULL),
(939, 'Block 2', 77, NULL, NULL),
(940, 'Block 3', 116, NULL, NULL),
(941, 'Block 5', 121, NULL, NULL),
(942, 'Block 6', 118, NULL, NULL),
(943, 'Block 7', 119, NULL, NULL),
(944, 'Surti Muslim CHS 49-A', 501, NULL, NULL),
(945, 'Mahnoor Heights', 187, NULL, NULL),
(946, 'Al Ghafoor Grande Tower', 243, NULL, NULL),
(947, 'Al Ghafoor La Grande', 128, NULL, NULL),
(948, 'Al Raiyaan Corner', 502, NULL, NULL),
(949, 'Block A', 225, NULL, NULL),
(950, 'PCSIR CHS 24-A', 504, NULL, NULL),
(951, 'Rizvia CHS 34-A', 505, NULL, NULL),
(952, 'Saddar Market CHS 6-A', 506, NULL, NULL),
(953, 'Phase 1', 507, NULL, NULL),
(954, 'Shaes Apartment', 38, NULL, NULL),
(955, 'Block A', 509, NULL, NULL),
(956, 'Block A', 510, NULL, NULL),
(957, 'Block B', 510, NULL, NULL),
(958, 'Salateen Gohar', 508, NULL, NULL),
(959, 'Darakhshan Apartment', 511, NULL, NULL),
(960, 'Siddiqui Goth Surjani', 512, NULL, NULL),
(961, 'Shahriyar Tower', 67, NULL, NULL),
(962, 'Ayeshan View Housing Society', 482, NULL, NULL),
(963, 'Block A', 513, NULL, NULL),
(964, 'Block B', 513, NULL, NULL),
(965, 'Block C', 513, NULL, NULL),
(966, 'Block A', 514, NULL, NULL),
(967, 'Block B', 514, NULL, NULL),
(968, 'Block C', 514, NULL, NULL),
(969, 'Block D', 514, NULL, NULL),
(970, 'Faiz Residency', 297, NULL, NULL),
(971, 'Block 4', 371, NULL, NULL),
(972, 'Block 6', 372, NULL, NULL),
(973, 'Block A', 515, NULL, NULL),
(974, 'Block B', 515, NULL, NULL),
(975, 'Block C', 515, NULL, NULL),
(976, 'Block D', 515, NULL, NULL),
(977, 'Block D', 515, NULL, NULL),
(978, 'Jinnah Block', 515, NULL, NULL),
(979, 'Rab Razi CHS 37A', 516, NULL, NULL),
(980, 'Phase 1', 517, NULL, NULL),
(981, 'Phase 1', 519, NULL, NULL),
(982, 'Phase 1', 520, NULL, NULL),
(983, 'Phase 2', 520, NULL, NULL),
(984, 'Nishterabad', 430, NULL, NULL),
(985, 'Block B', 437, NULL, NULL),
(986, 'Block C', 437, NULL, NULL),
(987, 'Block D', 437, NULL, NULL),
(988, 'Executive Block', 437, NULL, NULL),
(989, 'CBR Town', 438, NULL, NULL),
(990, 'Overseas Block', 424, NULL, NULL),
(991, 'Executive Block', 424, NULL, NULL),
(992, 'Awami Residential Complex', 424, NULL, NULL),
(993, 'Block A', 523, NULL, NULL),
(994, 'Block A', 524, NULL, NULL),
(995, 'Block A', 525, NULL, NULL),
(996, 'Block A', 526, NULL, NULL),
(997, 'Sector A', 443, NULL, NULL),
(998, 'Sector B', 443, NULL, NULL),
(999, 'Sector C', 443, NULL, NULL),
(1000, 'Block K', 71, NULL, NULL),
(1001, 'Block L', 71, NULL, NULL),
(1002, 'Block P', 71, NULL, NULL),
(1003, 'Bahria Orchard Rawalpindi', 442, NULL, NULL),
(1004, 'Muhammadi Society', 527, NULL, NULL),
(1005, 'Sector 28A', 199, NULL, NULL),
(1006, 'Sector 1', 528, NULL, NULL),
(1007, 'Phase 1', 529, NULL, NULL),
(1008, 'Block S', 530, NULL, NULL),
(1009, 'General Block', 531, NULL, NULL),
(1010, 'Block A', 532, NULL, NULL),
(1011, 'Precinct-61', 1, NULL, NULL),
(1012, 'Precinct-62', 1, NULL, NULL),
(1013, 'Precinct-63', 1, NULL, NULL),
(1014, 'Phase 1', 534, NULL, NULL),
(1015, 'Phase 2', 534, NULL, NULL),
(1016, 'Phase 3', 534, NULL, NULL),
(1017, 'Block A', 535, NULL, NULL),
(1018, 'Block B', 535, NULL, NULL),
(1019, 'Block C', 535, NULL, NULL),
(1020, 'Block D', 535, NULL, NULL),
(1021, 'Block E', 535, NULL, NULL),
(1022, 'Block F', 535, NULL, NULL),
(1023, 'AEECH Society', 184, NULL, NULL),
(1024, 'Phase III', 536, NULL, NULL),
(1025, 'SMI Karachi', 537, NULL, NULL),
(1026, 'Phase 1', 538, NULL, NULL),
(1027, 'Phase 7', 539, NULL, NULL),
(1028, 'Top Heights', 540, NULL, NULL),
(1029, 'Abdullah Complex', 209, NULL, NULL),
(1030, 'Apsara Apartments', 175, NULL, NULL),
(1031, 'Hina Heights', 176, NULL, NULL),
(1032, 'Hassan Apartment', 172, NULL, NULL),
(1033, 'Block A', 541, NULL, NULL),
(1034, 'All Blocks', 542, NULL, NULL),
(1035, 'Phase 1', 543, NULL, NULL),
(1036, 'Phase 2', 543, NULL, NULL),
(1037, 'Phase 3', 543, NULL, NULL),
(1038, 'Block A', 468, NULL, NULL),
(1039, 'Block B', 468, NULL, NULL),
(1040, 'Dress Mall', 544, NULL, NULL),
(1041, 'Sector C', 457, NULL, NULL),
(1042, 'Sector D', 457, NULL, NULL),
(1043, 'Sector E', 457, NULL, NULL),
(1044, 'Sector F', 457, NULL, NULL),
(1045, 'Block 1', 545, NULL, NULL),
(1046, 'Block A', 546, NULL, NULL),
(1047, 'Block K', 547, NULL, NULL),
(1048, 'Block V', 547, NULL, NULL),
(1049, 'Phase 1', 548, NULL, NULL),
(1050, 'Gold Town Residency', 330, NULL, NULL),
(1051, 'G-13/1', 549, NULL, NULL),
(1052, 'G-13/2', 549, NULL, NULL),
(1053, 'G-13/3', 549, NULL, NULL),
(1054, 'G-13/4', 549, NULL, NULL),
(1055, 'Sector G', 457, NULL, NULL),
(1056, 'Sector H', 457, NULL, NULL),
(1057, 'Sector J', 457, NULL, NULL),
(1058, 'Sector N', 457, NULL, NULL),
(1059, 'G-14/3', 500, NULL, NULL),
(1060, 'G-14/4', 500, NULL, NULL),
(1061, 'Block A', 550, NULL, NULL),
(1062, 'Phase II Extension', 256, NULL, NULL),
(1063, 'I-16/1', 551, NULL, NULL),
(1064, 'United Castle Apartment', 170, NULL, NULL),
(1065, 'Block A', 442, NULL, NULL),
(1066, 'Block B', 442, NULL, NULL),
(1067, 'Block C', 442, NULL, NULL),
(1068, 'Block D', 442, NULL, NULL),
(1069, 'Block E', 442, NULL, NULL),
(1070, 'Phase 9 - Prism', 277, NULL, NULL),
(1071, 'Block A', 552, NULL, NULL),
(1072, 'Block A', 553, NULL, NULL),
(1075, 'Sahafee Society 5-A', 554, NULL, NULL),
(1076, 'Phase 2', 229, NULL, NULL),
(1077, 'Phase 1', 555, NULL, NULL),
(1078, 'Sindh Secretariat CHS 6A', 452, NULL, NULL),
(1079, 'Phase 1', 557, NULL, NULL),
(1080, 'G-11/1', 559, NULL, NULL),
(1081, 'G-11/2', 559, NULL, NULL),
(1082, 'G-11/3', 559, NULL, NULL),
(1083, 'G-11/4', 559, NULL, NULL),
(1084, 'Block A', 562, NULL, NULL),
(1085, 'Sector 46A', 213, NULL, NULL),
(1086, 'Block A', 563, NULL, NULL),
(1087, 'Block A', 564, NULL, NULL),
(1088, 'Calvary Ground', 567, NULL, NULL),
(1089, 'Executive Block', 569, NULL, NULL),
(1090, 'Makkah Colony', 567, NULL, NULL),
(1091, 'Block A', 571, NULL, NULL),
(1092, 'All Blocks', 567, NULL, NULL),
(1093, 'A-One Center', 572, NULL, NULL),
(1094, 'Al Najeeb Plaza', 166, NULL, NULL),
(1095, 'Phase 2', 573, NULL, NULL),
(1096, 'Sector A', 574, NULL, NULL),
(1097, 'Oslo Heights', 575, NULL, NULL),
(1098, 'Taj Residential', 576, NULL, NULL),
(1099, 'All Blocks', 577, NULL, NULL),
(1100, 'Dolce Mall & Signature Residency', 578, NULL, NULL),
(1101, 'All Blocks', 579, NULL, NULL),
(1102, 'Residential Block', 580, NULL, NULL),
(1103, 'Commercial Avenue', 580, NULL, NULL),
(1104, 'DHA Homes', 580, NULL, NULL),
(1105, 'Overseas Block', 580, NULL, NULL),
(1106, 'Phase 1', 581, NULL, NULL),
(1107, 'Executive Block', 582, NULL, NULL),
(1108, 'Overseas Block', 582, NULL, NULL),
(1109, 'Bismillah Tower', 186, NULL, NULL),
(1110, 'Block A', 583, NULL, NULL),
(1111, 'Block B', 583, NULL, NULL),
(1112, 'Block C', 583, NULL, NULL),
(1113, 'Block D', 583, NULL, NULL),
(1114, 'Block E', 583, NULL, NULL),
(1115, 'Block F', 583, NULL, NULL),
(1116, 'Block A', 584, NULL, NULL),
(1117, 'Block A', 585, NULL, NULL),
(1118, 'Block B', 585, NULL, NULL),
(1119, 'Block C', 585, NULL, NULL),
(1120, 'Block D', 585, NULL, NULL),
(1121, 'Block A', 586, NULL, NULL),
(1122, 'Block B', 586, NULL, NULL),
(1123, 'Block C', 586, NULL, NULL),
(1124, 'Sector 71', 98, NULL, NULL),
(1125, 'Arish Residency', 231, NULL, NULL),
(1126, 'Block 1', 588, NULL, NULL),
(1127, 'Block B', 589, NULL, NULL),
(1128, 'Block C', 589, NULL, NULL),
(1129, 'ISRA Residency', 181, NULL, NULL),
(1130, 'Adeel Center', 134, NULL, NULL),
(1131, 'All Block', 590, NULL, NULL),
(1132, 'Abbas Comfort', 157, NULL, NULL),
(1133, 'Sector Q', 547, NULL, NULL),
(1134, 'Sector B2', 547, NULL, NULL),
(1135, 'Phase 1', 591, NULL, NULL),
(1136, 'Phase 2', 591, NULL, NULL),
(1137, 'Divine Arcade 4', 593, NULL, NULL),
(1138, 'Divine Arcade 6', 496, NULL, NULL),
(1139, 'Ranches Extension-II', 24, NULL, NULL),
(1140, 'Park Vista', 241, NULL, NULL),
(1141, 'Safari Vista', 241, NULL, NULL),
(1142, 'Al Arif Apartment', 105, NULL, NULL),
(1143, 'Falaknaz Wonder City', 318, NULL, NULL),
(1144, 'Falaknaz Dream Villas', 529, NULL, NULL),
(1145, 'Maison Theme Heights', 496, NULL, NULL),
(1146, 'Jinnah Trade Center', 558, NULL, NULL),
(1147, 'Phase 1', 594, NULL, NULL),
(1148, 'Samama Gulberg Mall & Residency', 569, NULL, NULL),
(1149, 'Awan Street', 600, NULL, NULL),
(1150, 'All Blocks', 601, NULL, NULL),
(1151, 'All Blocks', 602, NULL, NULL),
(1152, 'Phase 1', 606, NULL, NULL),
(1153, 'Phase 2', 606, NULL, NULL),
(1154, 'Gandhara CHS 21-A', 605, NULL, NULL),
(1155, 'Sector A', 607, NULL, NULL),
(1156, 'Sector B', 607, NULL, NULL),
(1157, 'Sector C', 607, NULL, NULL),
(1158, 'Sector 83', 199, NULL, NULL),
(1159, 'DJ Residency', 24, NULL, NULL),
(1160, 'All Blocks', 608, NULL, NULL),
(1161, 'Saima Paari Unique', 133, NULL, NULL),
(1162, 'All Sectors', 609, NULL, NULL),
(1163, 'All Sectors', 610, NULL, NULL),
(1164, 'Rahat Arcade', 195, NULL, NULL),
(1165, 'Block A', 617, NULL, NULL),
(1166, 'Block B', 617, NULL, NULL),
(1167, 'Block C', 617, NULL, NULL),
(1168, 'Block D', 617, NULL, NULL),
(1169, 'Sector 31-G', 473, NULL, NULL),
(1170, 'KDA Employee Housing Society', 627, NULL, NULL),
(1171, 'Euro Clock Tower', 133, NULL, NULL),
(1172, 'Euro Classic', 128, NULL, NULL),
(1173, 'Euro Continental Tower', 102, NULL, NULL),
(1174, 'Euro Icon Tower', 128, NULL, NULL),
(1175, 'Euro Hi-Tech Residency', 128, NULL, NULL),
(1176, 'Euro Grand Park', 158, NULL, NULL),
(1177, 'Ameer Center', 109, NULL, NULL),
(1178, 'Nadeem Arcade', 82, NULL, NULL),
(1179, 'Tele Gardens', 641, NULL, NULL),
(1180, 'Gulshan-e-Sehat', 636, NULL, NULL),
(1181, 'Phase 1', 644, NULL, NULL),
(1182, 'Phase 2', 644, NULL, NULL),
(1183, 'Phase 1', 645, NULL, NULL),
(1184, '11-I', 648, NULL, NULL),
(1185, 'Engineers Cooperative Housing Society', 647, NULL, NULL),
(1186, 'Basera Tower', 193, NULL, NULL),
(1187, 'ICHS Town Phase 2', 56, NULL, NULL),
(1188, 'Block A', 650, NULL, NULL),
(1189, 'Clock Tower 2', 241, NULL, NULL),
(1190, 'Gulberg Square', 166, NULL, NULL),
(1191, 'Farida Square', 166, NULL, NULL),
(1192, 'Sumaira Square', 165, NULL, NULL),
(1193, 'Erum Apartment', 176, NULL, NULL),
(1194, 'Zainab Plaza', 176, NULL, NULL),
(1195, 'Block A', 651, NULL, NULL),
(1196, 'Neocon Heights', 195, NULL, NULL),
(1197, 'Ali Heights', 505, NULL, NULL),
(1198, 'Firdous Pride', 188, NULL, NULL),
(1199, 'Phase 1', 652, NULL, NULL),
(1200, 'Falaknaz Presidency Apartments', 653, NULL, NULL),
(1201, 'Falaknaz Presidency Villas', 653, NULL, NULL),
(1202, 'Falaknaz Presidency Cottages', 653, NULL, NULL),
(1203, 'Phase 1', 654, NULL, NULL),
(1204, 'Block G', 129, NULL, NULL),
(1205, 'Phase 1', 655, NULL, NULL),
(1206, 'The Royal Palace', 656, NULL, NULL),
(1207, 'Bhayani Heights', 166, NULL, NULL),
(1208, 'Phase 1', 659, NULL, NULL),
(1209, 'Good Earth Blessing', 163, NULL, NULL),
(1210, 'Sector 30', 213, NULL, NULL),
(1211, 'Shad Bagh CHS 54-A', 660, NULL, NULL),
(1212, 'Prince Heights', 496, NULL, NULL),
(1213, 'General Block', 661, NULL, NULL),
(1214, 'Phase 1', 662, NULL, NULL),
(1215, 'Phase 2', 662, NULL, NULL),
(1216, 'Phase 3', 662, NULL, NULL),
(1217, 'Jinnah Heaven', 558, NULL, NULL),
(1218, 'Liberty Heaven', 496, NULL, NULL),
(1219, '11-C1', 90, NULL, NULL),
(1220, '11-C2', 90, NULL, NULL),
(1221, 'Block A', 663, NULL, NULL),
(1222, 'Bluebell Sector', 580, NULL, NULL),
(1223, 'Block A', 665, NULL, NULL),
(1224, 'Phase 1', 451, NULL, NULL),
(1225, 'Block I', 442, NULL, NULL),
(1226, 'Phase I', 666, NULL, NULL),
(1227, 'Phase II', 666, NULL, NULL),
(1228, 'Phase 1', 456, NULL, NULL),
(1229, 'Phase 2', 456, NULL, NULL),
(1230, 'Overseas Block', 531, NULL, NULL),
(1231, 'Executive Block', 531, NULL, NULL),
(1232, 'Overseas Prime Block', 531, NULL, NULL),
(1233, 'Smart Villas', 531, NULL, NULL),
(1234, 'Block L', 442, NULL, NULL),
(1235, 'Fatima Presidency 36A', 668, NULL, NULL),
(1236, 'Block A', 669, NULL, NULL),
(1237, 'The Comfort Society', 145, NULL, NULL),
(1238, 'Mateen Arcade', 166, NULL, NULL),
(1239, 'Phase 1', 664, NULL, NULL),
(1240, 'Al Khaleej Tower', 145, NULL, NULL),
(1241, 'Block A', 643, NULL, NULL),
(1242, 'Block B', 643, NULL, NULL),
(1243, 'Block C', 643, NULL, NULL),
(1244, 'Mustafa Block', 671, NULL, NULL),
(1245, 'Phase 4', 227, NULL, NULL),
(1246, 'Colony No. 1', 502, NULL, NULL),
(1247, 'Colony No. 2', 502, NULL, NULL),
(1248, 'Block A', 672, NULL, NULL),
(1249, 'Block B', 672, NULL, NULL),
(1250, 'Block C', 672, NULL, NULL),
(1251, 'Phase 1 Extension', 672, NULL, NULL),
(1252, 'Phase 1', 674, NULL, NULL),
(1253, 'Falaknaz Greens', 502, NULL, NULL),
(1254, 'Phase 1', 675, NULL, NULL),
(1255, 'Falaknaz Springs', 194, NULL, NULL),
(1256, 'Phase 1', 677, NULL, NULL),
(1257, 'Block D', 679, NULL, NULL),
(1258, 'Block 1', 681, NULL, NULL),
(1259, 'Block 2', 681, NULL, NULL),
(1260, 'Block 3', 681, NULL, NULL),
(1261, 'All Blocks', 680, NULL, NULL),
(1262, 'Phase 1', 683, NULL, NULL),
(1263, 'Block A', 682, NULL, NULL),
(1264, 'Phase 1', 684, NULL, NULL),
(1265, 'GFS Jodia Bazar', 246, NULL, NULL),
(1266, 'Bolan Platinium', 678, NULL, NULL),
(1267, 'Block A', 685, NULL, NULL),
(1268, '7D1', 686, NULL, NULL),
(1269, 'Goldlin Destiny', 209, NULL, NULL),
(1270, 'Maymar Avenue Apartment', 163, NULL, NULL),
(1271, 'Ashraf Plaza', 82, NULL, NULL),
(1272, 'Time Square', 294, NULL, NULL),
(1273, 'Sector 40', 199, NULL, NULL),
(1274, 'Block 1', 687, NULL, NULL),
(1275, 'Al Qadir Latif Tower', 231, NULL, NULL),
(1276, 'Phase 1', 688, NULL, NULL),
(1277, 'Al Qaim Midway City Phase II', 256, NULL, NULL),
(1278, 'Al Qaim City Phase 1', 256, NULL, NULL),
(1279, 'Al Qaim City Extension', 256, NULL, NULL),
(1280, 'Al Qaim Exclusive Phase I', 256, NULL, NULL),
(1281, 'Al Qaim Exclusive Phase II', 256, NULL, NULL),
(1282, 'Al Qaim Overseas', 256, NULL, NULL),
(1283, 'Block B', 427, NULL, NULL),
(1284, 'Sector 3', 213, NULL, NULL),
(1285, 'Al Qaim Exclusive Phase III', 256, NULL, NULL),
(1286, 'Al Qaim Exclusive Phase IV', 256, NULL, NULL),
(1287, 'Sector 6', 213, NULL, NULL),
(1288, 'Sector 9', 213, NULL, NULL),
(1289, 'Block A', 533, NULL, NULL),
(1290, 'Phase 1', 690, NULL, NULL),
(1291, 'Block A', 691, NULL, NULL),
(1292, 'Sector 10', 213, NULL, NULL),
(1293, 'Sector 26', 213, NULL, NULL),
(1294, 'Sector 27', 213, NULL, NULL),
(1295, 'Sector 28', 213, NULL, NULL),
(1296, 'Sector 32', 213, NULL, NULL),
(1297, 'Sector 34', 213, NULL, NULL),
(1298, 'Block A', 692, NULL, NULL),
(1299, 'City Tower & Shopping Mall', 183, NULL, NULL),
(1300, 'Sector 47', 213, NULL, NULL),
(1301, 'Sector 48', 213, NULL, NULL),
(1302, 'Sector 49', 213, NULL, NULL),
(1303, 'Sector 60E', 213, NULL, NULL),
(1304, 'Block F1', 24, NULL, NULL),
(1305, 'Lubaba Residency', 209, NULL, NULL),
(1306, 'Sector 2A', 199, NULL, NULL),
(1307, 'Sector 12', 199, NULL, NULL),
(1308, 'Sector 12B', 199, NULL, NULL),
(1309, 'Khokrapar No. 1', 694, NULL, NULL),
(1310, 'Sector 29', 199, NULL, NULL),
(1311, 'Muhammad Saleh Goth 1', 695, NULL, NULL),
(1312, 'Coral Towers', 696, NULL, NULL),
(1313, 'Reef Towers', 696, NULL, NULL),
(1314, 'Pearl Towers', 696, NULL, NULL),
(1315, 'Sector 38', 199, NULL, NULL),
(1316, 'Sector 52', 199, NULL, NULL),
(1317, 'Block E-1', 442, NULL, NULL),
(1318, 'Block F', 442, NULL, NULL),
(1319, 'Block G', 442, NULL, NULL),
(1320, 'Block H', 442, NULL, NULL),
(1321, 'Block J', 442, NULL, NULL),
(1322, 'Block K', 442, NULL, NULL),
(1323, 'Block M', 442, NULL, NULL),
(1324, 'Block N', 442, NULL, NULL),
(1325, 'Block P', 442, NULL, NULL),
(1326, 'G-15/1', 560, NULL, NULL),
(1327, 'G-15/2', 560, NULL, NULL),
(1328, 'G-15/3', 560, NULL, NULL),
(1329, 'G-15/4', 560, NULL, NULL),
(1330, 'APNECHS 5A4', 704, NULL, NULL),
(1331, 'Villas', 705, NULL, NULL),
(1332, 'Apartments', 705, NULL, NULL),
(1333, 'Tayyab City Plaza', 503, NULL, NULL),
(1334, 'Sector A', 706, NULL, NULL),
(1335, 'Main Bazar', 707, NULL, NULL),
(1336, 'Block A', 565, NULL, NULL),
(1337, 'Block 1', 87, NULL, NULL),
(1338, 'Phase 1', 378, NULL, NULL),
(1339, 'Block A', 708, NULL, NULL),
(1340, 'Mehar Block 3', 709, NULL, NULL),
(1341, 'Block A', 710, NULL, NULL),
(1342, 'Block Y', 710, NULL, NULL),
(1343, 'Block X', 710, NULL, NULL),
(1344, 'All Blocks', 711, NULL, NULL),
(1345, 'Karachi Memon Society', 372, NULL, NULL),
(1346, 'Block A', 712, NULL, NULL),
(1347, 'Rabia Apartment', 211, NULL, NULL),
(1348, 'Sector 60', 199, NULL, NULL),
(1349, 'Sector 71', 199, NULL, NULL),
(1350, 'Sector 77', 199, NULL, NULL),
(1351, 'Block A', 713, NULL, NULL),
(1352, 'Block A', 714, NULL, NULL),
(1353, 'Sector 84', 199, NULL, NULL),
(1354, 'Sector 84A', 199, NULL, NULL),
(1355, 'Sector 85', 199, NULL, NULL),
(1356, 'Bisma Greens', 191, NULL, NULL),
(1357, 'Allah Noor Apartment', 166, NULL, NULL),
(1358, 'Shaheen Heights', 166, NULL, NULL),
(1359, 'Gulshan Apartment', 166, NULL, NULL),
(1360, 'Salima Square', 166, NULL, NULL),
(1361, 'Phase 1', 715, NULL, NULL),
(1362, 'Sunny Arcade', 166, NULL, NULL),
(1363, 'PHA Maymar Tower', 358, NULL, NULL),
(1364, 'Maymar Square', 173, NULL, NULL),
(1365, 'Maymar Heights', 173, NULL, NULL),
(1366, 'Faisal Margala City', 716, NULL, NULL),
(1367, 'Maymar View', 176, NULL, NULL),
(1368, 'Maymar Plaza', 161, NULL, NULL),
(1369, 'Maymar Court', 172, NULL, NULL),
(1370, 'MRR Square Apartments', 246, NULL, NULL),
(1371, 'Phase 1', 718, NULL, NULL),
(1372, 'Phase 1', 717, NULL, NULL),
(1373, 'Imtiaze Square', 165, NULL, NULL),
(1374, 'Urban Castle', 293, NULL, NULL),
(1375, 'Phase 1', 719, NULL, NULL),
(1376, 'Iqbal Plaza', 90, NULL, NULL),
(1377, 'Crown Plaza', 90, NULL, NULL);
INSERT INTO `blocks` (`id`, `name`, `sector_id`, `created_at`, `updated_at`) VALUES
(1378, 'Phase 1', 722, NULL, NULL),
(1379, 'bab-e-iqbal', 21, NULL, NULL),
(1381, 'Faiza Avenue', 90, NULL, NULL),
(1382, 'Mehboob Heights', 90, NULL, NULL),
(1383, 'Mohsin Center', 90, NULL, NULL),
(1384, 'Farm Houses', 731, NULL, NULL),
(1385, 'Momal Pride', 87, NULL, NULL),
(1386, 'Ocean Residency', 89, NULL, NULL),
(1387, 'Gulshan-e-Safia Apartment', 87, NULL, NULL),
(1388, 'Gulshan-e-Islam Apartment', 87, NULL, NULL),
(1389, 'city view apartment', 87, NULL, NULL),
(1390, 'Saima Avenue Apartment', 82, NULL, NULL),
(1391, 'Maria Apartment', 82, NULL, NULL),
(1392, 'Madina Terrace', 82, NULL, NULL),
(1393, 'Sunny View Apartment', 82, NULL, NULL),
(1394, 'PNSC Housing Complex', 18, NULL, NULL),
(1395, 'Haroon Shopping Mall and Apartment', 18, NULL, NULL),
(1396, '11-L', 732, NULL, NULL),
(1397, 'Zaman Town', 733, NULL, NULL),
(1398, 'saima paari residency', 135, NULL, NULL),
(1399, 'Sobho Village', 734, NULL, NULL),
(1400, 'Phase I', 735, NULL, NULL),
(1401, 'Ajwa Park View', 133, NULL, NULL),
(1402, 'Sara Enclave', 133, NULL, NULL),
(1403, 'Anum Vista', 133, NULL, NULL),
(1404, 'Habib Apartment', 133, NULL, NULL),
(1405, 'Sumaira View Building', 133, NULL, NULL),
(1406, 'RT Plaza Apartments', 133, NULL, NULL),
(1407, 'Anum Terrace Apartments', 133, NULL, NULL),
(1408, 'Shan Residency', 84, NULL, NULL),
(1409, 'Kehkashan Apartment', 84, NULL, NULL),
(1410, 'MAA TOWER', 84, NULL, NULL),
(1411, 'Noor Apartment', 84, NULL, NULL),
(1412, 'ALI ALI HEIGHTS', 133, NULL, NULL),
(1413, 'The Chase Residency', 294, NULL, NULL),
(1414, 'Lubna Apartment', 134, NULL, NULL),
(1415, 'Dar-ul-Salam Apartment', 134, NULL, NULL),
(1416, 'Daulat Nagar Apartment', 84, NULL, NULL),
(1417, 'Bardan Apartment', 84, NULL, NULL),
(1418, 'Sports Valley', 424, NULL, NULL),
(1419, 'Decent View Apartment', 84, NULL, NULL),
(1420, 'Saima Park View', 84, NULL, NULL),
(1421, 'Block A', 736, NULL, NULL),
(1422, 'Rafique Apartments', 84, NULL, NULL),
(1423, 'Azeem Residency Apartments', 84, NULL, NULL),
(1424, 'Oasis View Apartment', 84, NULL, NULL),
(1425, 'Central Comfort', 84, NULL, NULL),
(1426, 'Burj View Tower', 84, NULL, NULL),
(1427, 'Bhayani Image Paradise Block K', 84, NULL, NULL),
(1428, 'Ashraf Apartment', 130, NULL, NULL),
(1429, 'AL-FAYYAZ ARCADE', 84, NULL, NULL),
(1430, 'BLESSING PLAZA', 84, NULL, NULL),
(1431, 'Sohail Apartment', 84, NULL, NULL),
(1432, 'Paracha Heights', 84, NULL, NULL),
(1433, 'Farhana Square', 134, NULL, NULL),
(1434, 'United Apartments', 134, NULL, NULL),
(1435, 'Amina Apartment', 134, NULL, NULL),
(1436, 'Iqbal Complex Apartment', 134, NULL, NULL),
(1437, 'Ajwa Residency', 133, NULL, NULL),
(1438, 'Maaz Galaxy', 134, NULL, NULL),
(1439, 'Al-Rauf Sky Tower', 134, NULL, NULL),
(1440, 'Bhayani View Apartment', 134, NULL, NULL),
(1441, 'Amin Court Apartment', 134, NULL, NULL),
(1442, 'Gulshan-e-Noor', 299, NULL, NULL),
(1443, 'Memon Complex', 134, NULL, NULL),
(1444, 'AL Ameen Residency', 135, NULL, NULL),
(1445, 'Golden Gate Tower', 134, NULL, NULL),
(1446, 'Silver Sands Tower', 134, NULL, NULL),
(1447, 'Shagufta Apartment', 135, NULL, NULL),
(1448, 'Habib Terrace', 135, NULL, NULL),
(1449, 'AL Basit Towers', 135, NULL, NULL),
(1450, 'Al Basit Grands', 135, NULL, NULL),
(1451, 'Al Basit Grands', 135, NULL, NULL),
(1452, 'Mile Stone Residency', 134, NULL, NULL),
(1453, 'Columbia Apartment', 135, NULL, NULL),
(1454, 'Rainbow Apartments', 134, NULL, NULL),
(1455, 'Sky Castle Apartments', 158, NULL, NULL),
(1456, 'Sami Classic Apartment', 128, NULL, NULL),
(1457, 'Samar Classic Apartment', 128, NULL, NULL),
(1458, 'Block C', 738, NULL, NULL),
(1459, 'All Blocks', 458, NULL, NULL),
(1460, 'All Blocks', 739, NULL, NULL),
(1461, 'Gohar Towers', 172, NULL, NULL),
(1462, 'Isra Comforts', 28, NULL, NULL),
(1463, 'Block A', 740, NULL, NULL),
(1464, 'Phool Chowk', 741, NULL, NULL),
(1465, 'Block A', 742, NULL, NULL),
(1466, 'Block-D', 744, NULL, NULL),
(1467, 'Al Khizra Society', 745, NULL, NULL),
(1468, 'Phase 1', 746, NULL, NULL),
(1469, 'Phase 1', 747, NULL, NULL),
(1470, 'Light House Apartment Buildings', 748, NULL, NULL),
(1471, 'H-13/1', 750, NULL, NULL),
(1472, 'Phase 1', 751, NULL, NULL),
(1473, 'Overseas Block', 751, NULL, NULL),
(1474, '11-J', 752, NULL, NULL),
(1475, 'Phase 5', 227, NULL, NULL),
(1476, 'Phase 3 Villas', 246, NULL, NULL),
(1477, 'Phase 4', 246, NULL, NULL),
(1478, 'Phase 2', 753, NULL, NULL),
(1479, 'Sector 53', 754, NULL, NULL),
(1480, 'Kuwait Mall', 387, NULL, NULL),
(1481, 'Allama Iqbal Colony', 755, NULL, NULL),
(1482, 'Blue Area Islamabad', 620, NULL, NULL),
(1483, 'Bisma Residency', 189, NULL, NULL),
(1484, 'Johar Chowk', 458, NULL, NULL),
(1485, 'Phase 1', 756, NULL, NULL),
(1486, 'Block A', 757, NULL, NULL),
(1487, 'All Blocks', 758, NULL, NULL),
(1488, 'Block-21', 293, NULL, NULL),
(1489, 'The Seven Towers', 293, NULL, NULL),
(1490, 'CBR Town', 760, NULL, NULL),
(1492, 'Phase I', 761, NULL, NULL),
(1493, 'Murree Expressway Apartments', 763, NULL, NULL),
(1494, 'Saima Palm Apartment', 187, NULL, NULL);

-- --------------------------------------------------------

--
-- Table structure for table `business_users`
--

CREATE TABLE `business_users` (
  `id` bigint(20) UNSIGNED NOT NULL,
  `user_id` bigint(20) UNSIGNED NOT NULL,
  `business_nature` enum('Agent','Construction','Legal','Designer') NOT NULL,
  `company_name` varchar(255) NOT NULL,
  `company_description` text DEFAULT NULL,
  `designation` varchar(255) DEFAULT NULL,
  `city` varchar(255) NOT NULL,
  `services` varchar(255) DEFAULT NULL,
  `facebook_url` varchar(255) DEFAULT NULL,
  `youtube_url` varchar(255) DEFAULT NULL,
  `linkedin_url` varchar(255) DEFAULT NULL,
  `latitude` decimal(10,7) DEFAULT NULL,
  `longitude` decimal(10,7) DEFAULT NULL,
  `created_at` timestamp NULL DEFAULT NULL,
  `updated_at` timestamp NULL DEFAULT NULL
) ENGINE=InnoDB DEFAULT CHARSET=utf8mb4 COLLATE=utf8mb4_unicode_ci;

-- --------------------------------------------------------

--
-- Table structure for table `cache`
--

CREATE TABLE `cache` (
  `key` varchar(255) NOT NULL,
  `value` mediumtext NOT NULL,
  `expiration` int(11) NOT NULL
) ENGINE=InnoDB DEFAULT CHARSET=utf8mb4 COLLATE=utf8mb4_unicode_ci;

--
-- Dumping data for table `cache`
--

INSERT INTO `cache` (`key`, `value`, `expiration`) VALUES
('pinspk_realestate_cache_356a192b7913b04c54574d18c28d46e6395428ab', 'i:1;', 1756547770),
('pinspk_realestate_cache_356a192b7913b04c54574d18c28d46e6395428ab:timer', 'i:1756547770;', 1756547770);

-- --------------------------------------------------------

--
-- Table structure for table `cache_locks`
--

CREATE TABLE `cache_locks` (
  `key` varchar(255) NOT NULL,
  `owner` varchar(255) NOT NULL,
  `expiration` int(11) NOT NULL
) ENGINE=InnoDB DEFAULT CHARSET=utf8mb4 COLLATE=utf8mb4_unicode_ci;

-- --------------------------------------------------------

--
-- Table structure for table `cities`
--

CREATE TABLE `cities` (
  `id` bigint(20) UNSIGNED NOT NULL,
  `name` varchar(255) NOT NULL,
  `created_at` timestamp NULL DEFAULT NULL,
  `updated_at` timestamp NULL DEFAULT NULL
) ENGINE=InnoDB DEFAULT CHARSET=utf8mb4 COLLATE=utf8mb4_unicode_ci;

--
-- Dumping data for table `cities`
--

INSERT INTO `cities` (`id`, `name`, `created_at`, `updated_at`) VALUES
(1, 'Karachi', NULL, NULL),
(2, 'Hyderabad', NULL, NULL),
(3, 'Sukker', NULL, NULL),
(4, 'Lahore', NULL, NULL),
(5, 'Faisalabad', NULL, NULL),
(6, 'Multan', NULL, NULL),
(7, 'Gawadar', NULL, NULL),
(8, 'Islamabad', NULL, NULL),
(9, 'Rawalpindi', NULL, NULL),
(10, 'Gujranwala', NULL, NULL),
(11, 'Taxila', NULL, NULL),
(12, 'Wah Cantt', NULL, NULL),
(14, 'Bahawalpur', NULL, NULL),
(15, 'Nawabshah', NULL, NULL),
(16, 'Nowshera', NULL, NULL),
(17, 'Sialkot', NULL, NULL),
(19, 'Jhelum', NULL, NULL),
(20, 'Peshawar', NULL, NULL),
(21, 'Quetta', NULL, NULL),
(22, 'Rahim Yar Khan', NULL, NULL);

-- --------------------------------------------------------

--
-- Table structure for table `failed_jobs`
--

CREATE TABLE `failed_jobs` (
  `id` bigint(20) UNSIGNED NOT NULL,
  `uuid` varchar(255) NOT NULL,
  `connection` text NOT NULL,
  `queue` text NOT NULL,
  `payload` longtext NOT NULL,
  `exception` longtext NOT NULL,
  `failed_at` timestamp NOT NULL DEFAULT current_timestamp()
) ENGINE=InnoDB DEFAULT CHARSET=utf8mb4 COLLATE=utf8mb4_unicode_ci;

-- --------------------------------------------------------

--
-- Table structure for table `jobs`
--

CREATE TABLE `jobs` (
  `id` bigint(20) UNSIGNED NOT NULL,
  `queue` varchar(255) NOT NULL,
  `payload` longtext NOT NULL,
  `attempts` tinyint(3) UNSIGNED NOT NULL,
  `reserved_at` int(10) UNSIGNED DEFAULT NULL,
  `available_at` int(10) UNSIGNED NOT NULL,
  `created_at` int(10) UNSIGNED NOT NULL
) ENGINE=InnoDB DEFAULT CHARSET=utf8mb4 COLLATE=utf8mb4_unicode_ci;

-- --------------------------------------------------------

--
-- Table structure for table `job_batches`
--

CREATE TABLE `job_batches` (
  `id` varchar(255) NOT NULL,
  `name` varchar(255) NOT NULL,
  `total_jobs` int(11) NOT NULL,
  `pending_jobs` int(11) NOT NULL,
  `failed_jobs` int(11) NOT NULL,
  `failed_job_ids` longtext NOT NULL,
  `options` mediumtext DEFAULT NULL,
  `cancelled_at` int(11) DEFAULT NULL,
  `created_at` int(11) NOT NULL,
  `finished_at` int(11) DEFAULT NULL
) ENGINE=InnoDB DEFAULT CHARSET=utf8mb4 COLLATE=utf8mb4_unicode_ci;

-- --------------------------------------------------------

--
-- Table structure for table `migrations`
--

CREATE TABLE `migrations` (
  `id` int(10) UNSIGNED NOT NULL,
  `migration` varchar(255) NOT NULL,
  `batch` int(11) NOT NULL
) ENGINE=InnoDB DEFAULT CHARSET=utf8mb4 COLLATE=utf8mb4_unicode_ci;

--
-- Dumping data for table `migrations`
--

INSERT INTO `migrations` (`id`, `migration`, `batch`) VALUES
(4, '0001_01_01_000000_create_users_table', 1),
(5, '0001_01_01_000001_create_cache_table', 2),
(20, '0001_01_01_000002_create_jobs_table', 3),
(21, '2025_08_11_153655_add_two_factor_columns_to_users_table', 3),
(22, '2025_08_11_153735_create_personal_access_tokens_table', 3),
(23, '2025_08_13_123251_create_business_users_table', 3),
(24, '2025_08_13_123307_create_property_advertisements_table', 3),
(25, '2025_08_13_135444_add_fields_to_users_table', 3),
(26, '2025_08_13_161238_create_cities_table', 3),
(27, '2025_08_13_161239_create_towns_table', 3),
(28, '2025_08_13_161240_create_sectors_table', 3),
(29, '2025_08_13_161241_create_blocks_table', 3),
(30, '2025_08_14_123041_add_city_town_references_to_Adv', 4),
(31, '2025_08_17_090536_add_columns_to_property_advertisements_table', 5),
(32, '2025_08_28_173154_create_property_pictures_table', 6);

-- --------------------------------------------------------

--
-- Table structure for table `password_reset_tokens`
--

CREATE TABLE `password_reset_tokens` (
  `email` varchar(255) NOT NULL,
  `token` varchar(255) NOT NULL,
  `created_at` timestamp NULL DEFAULT NULL
) ENGINE=InnoDB DEFAULT CHARSET=utf8mb4 COLLATE=utf8mb4_unicode_ci;

-- --------------------------------------------------------

--
-- Table structure for table `personal_access_tokens`
--

CREATE TABLE `personal_access_tokens` (
  `id` bigint(20) UNSIGNED NOT NULL,
  `tokenable_type` varchar(255) NOT NULL,
  `tokenable_id` bigint(20) UNSIGNED NOT NULL,
  `name` text NOT NULL,
  `token` varchar(64) NOT NULL,
  `abilities` text DEFAULT NULL,
  `last_used_at` timestamp NULL DEFAULT NULL,
  `expires_at` timestamp NULL DEFAULT NULL,
  `created_at` timestamp NULL DEFAULT NULL,
  `updated_at` timestamp NULL DEFAULT NULL
) ENGINE=InnoDB DEFAULT CHARSET=utf8mb4 COLLATE=utf8mb4_unicode_ci;

-- --------------------------------------------------------

--
-- Table structure for table `property_advertisements`
--

CREATE TABLE `property_advertisements` (
  `id` bigint(20) UNSIGNED NOT NULL,
  `city_id` bigint(20) UNSIGNED NOT NULL,
  `town_id` bigint(20) UNSIGNED DEFAULT NULL,
  `sector_id` bigint(20) UNSIGNED DEFAULT NULL,
  `block_id` bigint(20) UNSIGNED DEFAULT NULL,
  `purpose` enum('Sale','Rent') NOT NULL,
  `category` enum('Residential','Commercial') NOT NULL,
  `proptype` enum('Plot','Home','Apartment','Portion','Cottage') NOT NULL,
  `title` varchar(255) NOT NULL,
  `description` text DEFAULT NULL,
  `address` varchar(255) DEFAULT NULL,
  `latitude` decimal(10,7) DEFAULT NULL,
  `longitude` decimal(10,7) DEFAULT NULL,
  `area_size` decimal(10,2) NOT NULL,
  `size_unit` text NOT NULL,
  `positioning` enum('East Open','West Open','North Open','South Open') DEFAULT NULL,
  `front_face` varchar(255) DEFAULT NULL,
  `back_site` varchar(255) DEFAULT NULL,
  `demand_price` decimal(15,2) NOT NULL,
  `pricetype` varchar(255) DEFAULT NULL,
  `floor` varchar(255) DEFAULT NULL,
  `bedrooms` varchar(255) DEFAULT NULL,
  `consage` varchar(255) DEFAULT NULL,
  `conscond` varchar(255) DEFAULT NULL,
  `postas` varchar(255) DEFAULT NULL,
  `social` varchar(255) DEFAULT NULL,
  `user_id` bigint(20) UNSIGNED NOT NULL,
  `created_at` timestamp NULL DEFAULT NULL,
  `updated_at` timestamp NULL DEFAULT NULL
) ENGINE=InnoDB DEFAULT CHARSET=utf8mb4 COLLATE=utf8mb4_unicode_ci;

-- --------------------------------------------------------

--
-- Table structure for table `property_pictures`
--

CREATE TABLE `property_pictures` (
  `id` bigint(20) UNSIGNED NOT NULL,
  `property_advertisement_id` bigint(20) UNSIGNED NOT NULL,
  `title` varchar(255) DEFAULT NULL,
  `image_path` varchar(255) NOT NULL,
  `created_at` timestamp NULL DEFAULT NULL,
  `updated_at` timestamp NULL DEFAULT NULL
) ENGINE=InnoDB DEFAULT CHARSET=utf8mb4 COLLATE=utf8mb4_unicode_ci;

-- --------------------------------------------------------

--
-- Table structure for table `sectors`
--

CREATE TABLE `sectors` (
  `id` bigint(20) UNSIGNED NOT NULL,
  `name` varchar(255) NOT NULL,
  `town_id` bigint(20) UNSIGNED NOT NULL,
  `created_at` timestamp NULL DEFAULT NULL,
  `updated_at` timestamp NULL DEFAULT NULL
) ENGINE=InnoDB DEFAULT CHARSET=utf8mb4 COLLATE=utf8mb4_unicode_ci;

--
-- Dumping data for table `sectors`
--

INSERT INTO `sectors` (`id`, `name`, `town_id`, `created_at`, `updated_at`) VALUES
(1, 'Bahria Town Karachi', 11, NULL, NULL),
(2, 'Bahria Sports City', 11, NULL, NULL),
(3, 'Bahria Paradise', 11, NULL, NULL),
(4, 'Ahmed Villas', 16, NULL, NULL),
(5, 'Zeenatabad Cooperative Housing Society', 13, NULL, NULL),
(8, 'General', 18, NULL, NULL),
(9, 'Bahria Apartment', 11, NULL, NULL),
(10, 'Bahria Homes', 11, NULL, NULL),
(11, 'Bahria Heights', 11, NULL, NULL),
(12, 'Liaquatabad No 10', 7, NULL, NULL),
(13, 'Saadi Garden', 13, NULL, NULL),
(15, 'Pir Ahmed Zaman Town', 13, NULL, NULL),
(16, 'Ahsan Garden and Ahsan Grand City', 13, NULL, NULL),
(17, 'Saadi Town', 13, NULL, NULL),
(18, 'Buffer Zone', 1, NULL, NULL),
(19, 'Kings Park Gawadar', 20, NULL, NULL),
(20, 'Rok Cooperative Housing Society', 13, NULL, NULL),
(21, 'Anarkali Complex', 5, NULL, NULL),
(22, 'Country Tower', 5, NULL, NULL),
(23, 'Diamond City', 16, NULL, NULL),
(24, 'Saima Arabian Villas', 5, NULL, NULL),
(25, 'PTV Cooperative Housing Society', 13, NULL, NULL),
(26, 'Karachi University CHS', 13, NULL, NULL),
(27, 'Pak Audit CHS', 13, NULL, NULL),
(28, 'Gulistan-e-Johar Block-7', 3, NULL, NULL),
(29, 'Gulistan-e-Johar Block-6', 3, NULL, NULL),
(30, 'Pakistan Air Crew CHS', 13, NULL, NULL),
(31, 'Meerut Cooperative Housing Society', 13, NULL, NULL),
(32, 'Kokan Muslim Cooperative Housing Society', 13, NULL, NULL),
(33, 'Kaghan Cooperative Housing Society', 13, NULL, NULL),
(34, 'Corniche Cooperative Housing Society', 13, NULL, NULL),
(35, 'Govt Teacher Cooperative Housing Society', 13, NULL, NULL),
(36, 'Al Ghafoor Atrium Tower', 5, NULL, NULL),
(37, 'State Bank of Pakistan CHS', 13, NULL, NULL),
(38, 'Gulistan-e-Johar Block-4', 3, NULL, NULL),
(39, 'Shangrilla Park View', 15, NULL, NULL),
(40, 'Pakistan Merchant Navy CHS', 13, NULL, NULL),
(41, 'Gawalior Cooperative Housing Soceity', 13, NULL, NULL),
(42, 'Hansa Cooperative Housing Society', 13, NULL, NULL),
(43, 'Ali Garh Cooperative Housing Society', 13, NULL, NULL),
(46, 'Panjabi Saudagaran CHS', 13, NULL, NULL),
(47, 'Okhai Mandal CHS', 13, NULL, NULL),
(48, 'Al Noor Multipurpose CHS', 13, NULL, NULL),
(49, 'Fareed Niazi Society', 13, NULL, NULL),
(50, 'High Court Housing Society', 13, NULL, NULL),
(51, 'Sadaf Cooperative Housing Society', 13, NULL, NULL),
(52, 'Sector Q', 16, NULL, NULL),
(53, 'Arisha Cooperative Housing Society', 13, NULL, NULL),
(54, 'Sector R', 16, NULL, NULL),
(55, 'Gulshan-e-Kaneez Fatima Society', 13, NULL, NULL),
(56, 'Islamabad Cooperative Housing Society', 23, NULL, NULL),
(57, 'Capital Cooperative Housing Society', 13, NULL, NULL),
(58, 'Kathiawar Housing Society', 13, NULL, NULL),
(59, 'Gulshan-e-Iqbal Block-3', 2, NULL, NULL),
(60, 'ICI Staff Cooperative Housing Society', 13, NULL, NULL),
(61, 'Al Noor Society', 13, NULL, NULL),
(62, 'Sector U', 16, NULL, NULL),
(63, 'Sector V', 16, NULL, NULL),
(64, 'Sector W', 16, NULL, NULL),
(65, 'Madras Cooperative Housing Society', 13, NULL, NULL),
(66, 'New Lyari Cooperative Housing Society', 13, NULL, NULL),
(67, 'Sector X', 16, NULL, NULL),
(68, 'Saima Arabian Apartment', 5, NULL, NULL),
(69, 'Pilibhit Cooperative Housing Society', 13, NULL, NULL),
(70, 'Northern Bypass', 15, NULL, NULL),
(71, 'Naya Nazimabad', 1, NULL, NULL),
(73, 'PSO Cooperative Housing Society', 13, NULL, NULL),
(74, 'Quetta Town', 13, NULL, NULL),
(75, 'Incholi Cooperative Housing Society', 13, NULL, NULL),
(76, 'Block 1', 10, NULL, NULL),
(77, 'Block 2', 10, NULL, NULL),
(78, 'Garden City', 15, NULL, NULL),
(79, 'Phase 5', 9, NULL, NULL),
(80, 'Pak Scientist Cooperative Housing Society', 13, NULL, NULL),
(82, 'Shadman Town', 1, NULL, NULL),
(83, 'PIA Cooperative Housing Society', 13, NULL, NULL),
(84, 'North Nazimabad Block-K', 1, NULL, NULL),
(85, 'Pir Gul Hassan Town', 13, NULL, NULL),
(86, 'Federal Government Employees Housing Society Sector 24/B', 13, NULL, NULL),
(87, 'Sector 11-A', 5, NULL, NULL),
(89, 'Sector 11-B', 5, NULL, NULL),
(90, 'Sector 11-C', 5, NULL, NULL),
(91, 'Sector 11-H', 5, NULL, NULL),
(92, 'Hoorain City', 15, NULL, NULL),
(93, 'Memon Nagar Society', 13, NULL, NULL),
(94, 'New Lyari Expressway', 15, NULL, NULL),
(95, 'Gulistan-e-Johar Block-1', 3, NULL, NULL),
(96, 'Abul Hassan Isphani Road', 2, NULL, NULL),
(98, 'Taiser Town Phase I', 15, NULL, NULL),
(99, 'Mehak Garden', 15, NULL, NULL),
(100, 'Post Office Society', 13, NULL, NULL),
(101, 'Country Heights', 13, NULL, NULL),
(102, 'North Nazimabad Block-B', 1, NULL, NULL),
(103, 'Country Apartments', 13, NULL, NULL),
(104, 'Nazimabad Block-5', 27, NULL, NULL),
(105, 'Nazimabad Block-3', 27, NULL, NULL),
(106, 'Gulshan-e-Kareem Multipurpose CHS', 15, NULL, NULL),
(107, 'Country Terrace', 13, NULL, NULL),
(108, 'Safari Palm City', 15, NULL, NULL),
(109, 'Sector 11-E', 5, NULL, NULL),
(110, 'Metroville III', 13, NULL, NULL),
(112, 'Metroville II', 13, NULL, NULL),
(113, 'Gulishan-e-Johar Block-16A', 3, NULL, NULL),
(114, 'North Nazimabad Block-Q', 1, NULL, NULL),
(115, 'Gizri', 28, NULL, NULL),
(116, 'Block 3', 10, NULL, NULL),
(117, 'Block 4', 10, NULL, NULL),
(118, 'Block 6', 10, NULL, NULL),
(119, 'Block 7', 10, NULL, NULL),
(120, 'Block 8', 10, NULL, NULL),
(121, 'Block 5', 10, NULL, NULL),
(122, 'Block 9', 10, NULL, NULL),
(123, 'KDA Employees Cooperative Housing Society', 13, NULL, NULL),
(124, 'North Nazimabad Block-A', 1, NULL, NULL),
(125, 'North Nazimabad Block-C', 1, NULL, NULL),
(126, 'North Nazimabad Block-D', 1, NULL, NULL),
(127, 'North Nazimabad Block-E', 1, NULL, NULL),
(128, 'North Nazimabad Block-F', 1, NULL, NULL),
(129, 'North Nazimabad Block-G', 1, NULL, NULL),
(130, 'North Nazimabad Block-H', 1, NULL, NULL),
(131, 'North Nazimabad Block-I', 1, NULL, NULL),
(132, 'North Nazimabad Block-J', 1, NULL, NULL),
(133, 'North Nazimabad Block-L', 1, NULL, NULL),
(134, 'North Nazimabad Block-M', 1, NULL, NULL),
(135, 'North Nazimabad Block-N', 1, NULL, NULL),
(136, 'Royal Residency', 29, NULL, NULL),
(137, 'Prime Residency', 29, NULL, NULL),
(138, 'FB Area Block-1', 4, NULL, NULL),
(139, 'FB Area Block-2', 4, NULL, NULL),
(140, 'FB Area Block-3', 4, NULL, NULL),
(141, 'FB Area Block-4', 4, NULL, NULL),
(142, 'FB Area Block-5', 4, NULL, NULL),
(143, 'FB Area Block-6', 4, NULL, NULL),
(144, 'FB Area Block-7', 4, NULL, NULL),
(145, 'FB Area Block-8', 4, NULL, NULL),
(146, 'FB Area Block-9', 4, NULL, NULL),
(147, 'FB Area Block-10', 4, NULL, NULL),
(148, 'FB Area Block-11', 4, NULL, NULL),
(149, 'FB Area Block-12', 4, NULL, NULL),
(150, 'FB Area Block-13', 4, NULL, NULL),
(151, 'FB Area Block-14', 4, NULL, NULL),
(152, 'FB Area Block-15', 4, NULL, NULL),
(153, 'FB Area Block-16', 4, NULL, NULL),
(154, 'FB Area Block-17', 4, NULL, NULL),
(155, 'FB Area Block-18', 4, NULL, NULL),
(156, 'FB Area Block-19', 4, NULL, NULL),
(157, 'FB Area Block-20', 4, NULL, NULL),
(158, 'Nazimabad Block-1', 27, NULL, NULL),
(159, 'Nazimabad Block-2', 27, NULL, NULL),
(160, 'Nazimabad Block-4', 27, NULL, NULL),
(161, 'Gulshan-e-Iqbal Block-1', 2, NULL, NULL),
(162, 'Gulshan-e-Iqbal Block-2', 2, NULL, NULL),
(163, 'Gulshan-e-Iqbal Block-4', 2, NULL, NULL),
(164, 'Gulshan-e-Iqbal Block-5', 2, NULL, NULL),
(165, 'Gulshan-e-Iqbal Block-6', 2, NULL, NULL),
(166, 'Gulshan-e-Iqbal Block-7', 2, NULL, NULL),
(168, 'Gulshan-e-Iqbal Block-8', 2, NULL, NULL),
(169, 'Gulshan-e-Iqbal Block-9', 2, NULL, NULL),
(170, 'Gulshan-e-Iqbal Block-10', 2, NULL, NULL),
(171, 'Gulshan-e-Iqbal Block-11', 2, NULL, NULL),
(172, 'Gulshan-e-Iqbal Block-13', 2, NULL, NULL),
(173, 'Gulshan-e-Iqbal Block-14', 2, NULL, NULL),
(174, 'Gulshan-e-Iqbal Block-15', 2, NULL, NULL),
(175, 'Gulshan-e-Iqbal Block-16', 2, NULL, NULL),
(176, 'Gulshan-e-Iqbal Block-17', 2, NULL, NULL),
(177, 'Gulshan-e-Iqbal Block-18', 2, NULL, NULL),
(178, 'Gulshan-e-Iqbal Block-19', 2, NULL, NULL),
(179, 'Gulistan-e-Johar Block-1A', 3, NULL, NULL),
(180, 'Gulistan-e-Johar Block-2', 3, NULL, NULL),
(181, 'Gulistan-e-Johar Block-3', 3, NULL, NULL),
(183, 'Gulistan-e-Johar Block-5', 3, NULL, NULL),
(184, 'Gulistan-e-Johar Block-8', 3, NULL, NULL),
(185, 'Gulistan-e-Johar Block-9', 3, NULL, NULL),
(186, 'Gulistan-e-Johar Block-10', 3, NULL, NULL),
(187, 'Gulistan-e-Johar Block-11', 3, NULL, NULL),
(188, 'Gulistan-e-Johar Block-12', 3, NULL, NULL),
(189, 'Gulistan-e-Johar Block-13', 3, NULL, NULL),
(190, 'Gulistan-e-Johar Block-14', 3, NULL, NULL),
(191, 'Gulistan-e-Johar Block-15', 3, NULL, NULL),
(192, 'Gulistan-e-Johar Block-16', 3, NULL, NULL),
(193, 'Gulistan-e-Johar Block-17', 3, NULL, NULL),
(194, 'Gulistan-e-Johar Block-18', 3, NULL, NULL),
(195, 'Gulistan-e-Johar Block-19', 3, NULL, NULL),
(196, 'Gulistan-e-Johar Block-20', 3, NULL, NULL),
(198, 'Govt Employee Cooperative Housing Society', 15, NULL, NULL),
(199, 'Taiser Town Phase II', 15, NULL, NULL),
(200, 'Phase 2', 9, NULL, NULL),
(201, 'Phase 2 Extension', 9, NULL, NULL),
(202, 'Punjab Colony', 31, NULL, NULL),
(203, 'Kaneez Fatima Town', 13, NULL, NULL),
(204, 'Musalmanan-e-Punjab Cooperative Housing Society', 13, NULL, NULL),
(205, 'Karachi Bar Cooperative Housing Society', 13, NULL, NULL),
(206, 'Pak China Town', 15, NULL, NULL),
(207, 'Gulistan-e-Ayesha Scheme 45', 15, NULL, NULL),
(208, 'State Bank Co Operative Society', 15, NULL, NULL),
(209, 'Sector 5', 5, NULL, NULL),
(210, 'Osman Garden', 15, NULL, NULL),
(211, 'Gulshan-e-Rabia', 15, NULL, NULL),
(212, 'NEW MALIR HOUSING SCHEME-1', 32, NULL, NULL),
(213, 'Hawks Bay Housing Scheme', 33, NULL, NULL),
(214, 'Magma City', 34, NULL, NULL),
(215, 'Model Town Rawat', 35, NULL, NULL),
(216, 'Shaheen Imperium', 23, NULL, NULL),
(217, 'Granada Hills', 38, NULL, NULL),
(218, 'Sher Pao Colony', 36, NULL, NULL),
(219, 'Korangi No 5', 37, NULL, NULL),
(220, 'PECHS', 19, NULL, NULL),
(221, 'PECHS Block 1', 19, NULL, NULL),
(222, 'PECHS Block 2', 19, NULL, NULL),
(223, 'PECHS Block 3', 19, NULL, NULL),
(225, 'Gulshan-e-Zia', 39, NULL, NULL),
(226, 'Income Tax Employee Cooperative Housing Society', 13, NULL, NULL),
(227, 'Malir Town Residency', 40, NULL, NULL),
(228, 'Diamond Terrace', 13, NULL, NULL),
(229, 'Gulshan-e-Surjanni', 15, NULL, NULL),
(230, 'ASF City', 41, NULL, NULL),
(231, 'Garden West', 42, NULL, NULL),
(232, 'Tariq Road', 19, NULL, NULL),
(233, 'Noman Residencia', 13, NULL, NULL),
(234, 'Shahrah-e-Faisal Rd', 19, NULL, NULL),
(235, 'Sabah Centre', 44, NULL, NULL),
(236, 'Phase 1', 9, NULL, NULL),
(237, 'North Nazimabad Block-T', 1, NULL, NULL),
(238, 'Dehli Colony', 45, NULL, NULL),
(239, 'Green Oaks Farm', 34, NULL, NULL),
(241, 'Theme Park Commercial', 11, NULL, NULL),
(242, 'Salafia Housing Society', 15, NULL, NULL),
(243, 'Sector Z', 16, NULL, NULL),
(244, 'All Pakistan Teacher Cooperative Housing Society', 15, NULL, NULL),
(245, 'North Point Residency', 5, NULL, NULL),
(246, 'North Town Residency', 5, NULL, NULL),
(247, 'Sector-5', 26, NULL, NULL),
(249, 'Al-Noor Orchard', 48, NULL, NULL),
(250, 'Telephone Employee Cooperative Housing Society', 13, NULL, NULL),
(251, 'Sharafabad', 49, NULL, NULL),
(252, 'Khanial Homes', 34, NULL, NULL),
(254, 'Al Mairaj Garden', 34, NULL, NULL),
(255, 'Bin Alam City Islamabad', 50, NULL, NULL),
(256, 'Al Qaim Housing', 51, NULL, NULL),
(257, 'Central Park Apartment', 11, NULL, NULL),
(258, 'Dominion Twin Tower', 11, NULL, NULL),
(259, 'Mashriqi Cooperative Housing Society', 13, NULL, NULL),
(260, 'Cotton Export Co-operative Housing Society', 13, NULL, NULL),
(262, 'Customs Preventive Services CHS', 13, NULL, NULL),
(263, 'Phase 4', 9, NULL, NULL),
(264, 'Phase 3', 9, NULL, NULL),
(265, 'Phase 6', 9, NULL, NULL),
(266, 'Phase 7', 9, NULL, NULL),
(267, 'Phase 8', 9, NULL, NULL),
(268, 'Phase 7 Ext', 9, NULL, NULL),
(269, 'Phase 8 Ext', 9, NULL, NULL),
(270, 'Atawa CHS', 13, NULL, NULL),
(271, 'KESC Society', 13, NULL, NULL),
(272, 'Old Ravians CHS', 13, NULL, NULL),
(273, 'Amna Cooperative Housing Society', 13, NULL, NULL),
(274, 'Gulshan-e-Bilal', 26, NULL, NULL),
(275, 'Shadman Town', 40, NULL, NULL),
(276, 'Township', 53, NULL, NULL),
(277, 'DHA', 56, NULL, NULL),
(278, 'Waqar Twin Tower', 13, NULL, NULL),
(279, 'Faizan City', 15, NULL, NULL),
(280, 'Rehana Multi Purpose CHS', 15, NULL, NULL),
(281, 'Pakistan Media Society', 15, NULL, NULL),
(282, 'County Garden', 13, NULL, NULL),
(283, 'Gulbahar', 61, NULL, NULL),
(284, 'Yasir View', 13, NULL, NULL),
(286, 'Hameed Arcade', 13, NULL, NULL),
(287, 'Pioneer White Palace', 13, NULL, NULL),
(288, 'Al-Malik Cooperative Housing Society', 15, NULL, NULL),
(289, 'Sector 31-B', 37, NULL, NULL),
(290, 'Johnson Pride', 13, NULL, NULL),
(291, 'Fahad Square', 13, NULL, NULL),
(292, 'Fariya Apartments', 13, NULL, NULL),
(293, 'FB Area Block-21', 4, NULL, NULL),
(294, 'Sector-1', 26, NULL, NULL),
(295, 'Sector-2', 26, NULL, NULL),
(296, 'Sector-3', 26, NULL, NULL),
(297, 'Sector-4', 26, NULL, NULL),
(298, 'Sector-6', 26, NULL, NULL),
(299, 'Sector-7', 26, NULL, NULL),
(311, 'Sector-8', 26, NULL, NULL),
(312, 'Sector-9', 26, NULL, NULL),
(313, 'Sector-10', 26, NULL, NULL),
(318, 'Sector-11', 26, NULL, NULL),
(322, 'Sector-12', 26, NULL, NULL),
(323, 'Sector-13', 26, NULL, NULL),
(330, 'Sector-14', 26, NULL, NULL),
(336, 'Sector-15', 26, NULL, NULL),
(339, 'Sector-16', 26, NULL, NULL),
(357, 'Sector Y', 16, NULL, NULL),
(358, 'Sector P', 16, NULL, NULL),
(359, 'Sector S', 16, NULL, NULL),
(360, 'Sector T', 16, NULL, NULL),
(361, 'Ajmer Moinia Cooperative Housing Society', 13, NULL, NULL),
(362, 'Al-Muslim Cooperative Housing Society', 13, NULL, NULL),
(363, 'Firdous Cooperative Housing Society', 13, NULL, NULL),
(364, 'Ghandhara Cooperative Housing Society', 13, NULL, NULL),
(365, 'Hadiabad Cooperative Housing Society', 13, NULL, NULL),
(366, 'Gulshan-e-Iqbal Block-12', 2, NULL, NULL),
(367, 'Sector-17', 26, NULL, NULL),
(368, 'DHA Gujranwala', 62, NULL, NULL),
(369, 'Pak Colony', 61, NULL, NULL),
(370, 'Commandar City', 51, NULL, NULL),
(371, 'PECHS Block 4', 19, NULL, NULL),
(372, 'PECHS Block 6', 19, NULL, NULL),
(373, 'Bahria Greens Karachi', 11, NULL, NULL),
(374, 'Qasimabad', 13, NULL, NULL),
(375, 'Sultanabad Cooperative Housing Society', 63, NULL, NULL),
(376, 'Askari 5', 64, NULL, NULL),
(377, 'Dehli Riyan Cooperative Housing Society', 13, NULL, NULL),
(378, 'Chapal Uptown', 15, NULL, NULL),
(379, 'Sector 1', 39, NULL, NULL),
(382, 'Gulshan-e-Taufeeq', 15, NULL, NULL),
(383, 'Sector A', 65, NULL, NULL),
(384, 'Sector B', 65, NULL, NULL),
(385, 'Sector C', 65, NULL, NULL),
(386, 'Sector D', 65, NULL, NULL),
(387, 'Sector E', 65, NULL, NULL),
(388, 'Sector F', 65, NULL, NULL),
(389, 'Bahria Orchid', 65, NULL, NULL),
(390, 'Sector 1', 12, NULL, NULL),
(391, 'Sector 2', 12, NULL, NULL),
(392, 'Sector 3', 12, NULL, NULL),
(393, 'Sector 4', 12, NULL, NULL),
(394, 'Sector 5', 12, NULL, NULL),
(395, 'Sector 6', 12, NULL, NULL),
(396, 'Sector 7', 12, NULL, NULL),
(397, 'Sector 8', 12, NULL, NULL),
(398, 'Sector 9', 12, NULL, NULL),
(399, 'Sector 10', 12, NULL, NULL),
(400, 'Sector 11', 12, NULL, NULL),
(401, 'Sector 12', 12, NULL, NULL),
(402, 'Sector 13', 12, NULL, NULL),
(403, 'Sector 14', 12, NULL, NULL),
(404, 'Sector 15', 12, NULL, NULL),
(405, 'Sector 16', 12, NULL, NULL),
(406, 'Sector 17', 12, NULL, NULL),
(407, 'DHA Oasis', 12, NULL, NULL),
(408, 'Heaven Homes', 66, NULL, NULL),
(409, 'Gulshan e Askari', 36, NULL, NULL),
(410, 'Sector 19', 67, NULL, NULL),
(411, 'Sector A', 53, NULL, NULL),
(412, 'Sector B', 53, NULL, NULL),
(413, 'Sector C', 53, NULL, NULL),
(414, 'Sector D', 53, NULL, NULL),
(415, 'Safari Villas', 65, NULL, NULL),
(416, 'Phase 1', 68, NULL, NULL),
(417, 'Phase 2', 68, NULL, NULL),
(418, 'Airport Green Garden', 23, NULL, NULL),
(419, 'Moinabad', 40, NULL, NULL),
(420, 'C Area', 7, NULL, NULL),
(421, 'Gulistan-e-Sakeena Fatima', 15, NULL, NULL),
(422, 'Gulshan-e-Sharaf Faridi', 15, NULL, NULL),
(423, 'Al Makkah City Islamabad', 34, NULL, NULL),
(424, 'Blue World City Islamabad', 34, NULL, NULL),
(425, 'Abdullah City Islamabad', 34, NULL, NULL),
(426, 'Mivida City Islamabad', 34, NULL, NULL),
(427, 'Pearl Residency', 15, NULL, NULL),
(428, 'Bismillah Terrace', 13, NULL, NULL),
(429, 'F South', 40, NULL, NULL),
(430, 'Model Colony', 40, NULL, NULL),
(431, 'Sector 20', 67, NULL, NULL),
(432, 'Gushan-e-Mazdoor', 72, NULL, NULL),
(433, 'Sector 39', 37, NULL, NULL),
(434, 'Fatima Golf Residency', 73, NULL, NULL),
(435, 'Phase 1-7', 74, NULL, NULL),
(436, 'Park View City', 75, NULL, NULL),
(437, 'CBR Town Phase 1', 70, NULL, NULL),
(438, 'CBR Town Phase 2', 69, NULL, NULL),
(439, 'DHA Islamabad', 76, NULL, NULL),
(440, 'Hussainabad', 77, NULL, NULL),
(441, 'Aviation Enclave Housing Society', 52, NULL, NULL),
(442, 'Phase 8', 74, NULL, NULL),
(443, 'Bahria Enclave Islamabad', 74, NULL, NULL),
(444, 'Korangi No. 1', 37, NULL, NULL),
(445, 'Safoora Chowrangi', 13, NULL, NULL),
(446, 'Sumsum Housing Scheme', 15, NULL, NULL),
(447, 'Oasis Park Residencia', 51, NULL, NULL),
(448, 'Sector 10', 37, NULL, NULL),
(449, 'Sir Syed Cooperative Housing Society', 13, NULL, NULL),
(450, 'Pak Ideal Cooperative Housing Society', 13, NULL, NULL),
(451, 'ARY Laguna', 12, NULL, NULL),
(452, 'Sindh Secretariate Employee CHS', 13, NULL, NULL),
(453, 'Gulshan-e-Bilal Town', 15, NULL, NULL),
(454, 'Mehran Town', 37, NULL, NULL),
(455, 'GFS Mega Tower', 11, NULL, NULL),
(456, 'GFS Seven Wonder City', 51, NULL, NULL),
(457, 'DHA Bhawalpur', 78, NULL, NULL),
(458, 'Sector 14', 39, NULL, NULL),
(459, 'Etihad Residency', 11, NULL, NULL),
(460, 'Supreme Avenue', 5, NULL, NULL),
(461, 'Defence View Society', 9, NULL, NULL),
(462, 'Gulshan-e-Ghazian CHS', 13, NULL, NULL),
(463, 'Shangrila City', 15, NULL, NULL),
(464, 'Falaknaz Excellency', 64, NULL, NULL),
(465, 'Razi Center', 79, NULL, NULL),
(466, 'Al Habib Corner', 27, NULL, NULL),
(467, 'Square Tower', 3, NULL, NULL),
(468, 'Atap City', 13, NULL, NULL),
(469, 'Royal Residencia', 80, NULL, NULL),
(470, 'Al Ghafoor Regency', 5, NULL, NULL),
(471, 'Gulshan-e-Mehmood ul Haq', 13, NULL, NULL),
(472, 'A-One Model City', 81, NULL, NULL),
(473, 'Sector 31-G', 37, NULL, NULL),
(474, 'Al Ghafoor Pride', 2, NULL, NULL),
(475, 'Nayab Plaza', 5, NULL, NULL),
(476, 'Al Ghafoor Blessings', 4, NULL, NULL),
(477, 'Al Ghafoor Comfort', 1, NULL, NULL),
(478, 'Al Ghafoor Heavens', 4, NULL, NULL),
(479, 'Al Ghafoor Heights', 79, NULL, NULL),
(480, 'Sector 4', 5, NULL, NULL),
(481, 'Sector C', 37, NULL, NULL),
(482, 'Sector 9', 39, NULL, NULL),
(483, 'Prem Villas', 13, NULL, NULL),
(484, 'Al Ghafoor Eden', 27, NULL, NULL),
(485, 'Landhi No. 2', 36, NULL, NULL),
(486, 'Al Ghafoor Vista', 27, NULL, NULL),
(487, 'Haven Homes', 82, NULL, NULL),
(488, 'Al Ghafoor Chalet', 19, NULL, NULL),
(489, 'Al Ghafoor Classic', 27, NULL, NULL),
(490, 'Al Ghafoor Sky Towers', 1, NULL, NULL),
(491, 'Jalozai Housing Scheme', 83, NULL, NULL),
(492, 'Sumaira Sky Tower', 13, NULL, NULL),
(493, 'Bahadurpur Colony', 84, NULL, NULL),
(494, 'Shahdarah Village', 85, NULL, NULL),
(495, 'Park Avenue Housing Scheme', 86, NULL, NULL),
(496, 'Liberty Commercial', 11, NULL, NULL),
(497, 'Shadman Enclave Housing Society', 48, NULL, NULL),
(498, 'A-One Residency', 51, NULL, NULL),
(499, 'Sector G-5', 87, NULL, NULL),
(500, 'Sector G-14', 87, NULL, NULL),
(501, 'Surti Muslim Cooperative Housing Society', 13, NULL, NULL),
(502, 'Shah Faisal Colony', 58, NULL, NULL),
(503, 'Drigh Colony', 58, NULL, NULL),
(504, 'PCSIR Cooperative Housing Society', 13, NULL, NULL),
(505, 'New Rizvia Society', 13, NULL, NULL),
(506, 'Saddar Market Housing Society', 13, NULL, NULL),
(507, 'Serene County Luxury', 51, NULL, NULL),
(508, 'Dadabhoy Town', 88, NULL, NULL),
(509, 'Bagh-e-Malir', 58, NULL, NULL),
(510, 'Serena Tower & Mobile Mall', 1, NULL, NULL),
(511, 'Darakhshan Society', 40, NULL, NULL),
(512, 'Siddiqui Goth', 26, NULL, NULL),
(513, 'Citi Housing Faisalabad Phase 1', 89, NULL, NULL),
(514, 'Citi Housing Faisalabad Phase 2', 90, NULL, NULL),
(515, 'Citi Housing Multan Phase 1', 91, NULL, NULL),
(516, 'Rab Razi Cooperative Housing Society', 13, NULL, NULL),
(517, 'Rudn Enclave Rawalpindi', 38, NULL, NULL),
(518, 'Citi Housing Multan Phase 2', 92, NULL, NULL),
(519, 'Gulshan-e-Rehman Housing Society', 52, NULL, NULL),
(520, 'Pakistan Town', 70, NULL, NULL),
(521, 'Alaska Residency', 13, NULL, NULL),
(522, 'Shanzil Golf Residencia', 73, NULL, NULL),
(523, 'Nova City', 23, NULL, NULL),
(524, 'Discovery Gardens', 50, NULL, NULL),
(525, 'Kingdom Valley Islamabad', 34, NULL, NULL),
(526, 'Islamabad Model Town', 75, NULL, NULL),
(527, 'Sector 3', 37, NULL, NULL),
(528, 'Pakhtunabad', 63, NULL, NULL),
(529, 'Falaknaz Dreams', 40, NULL, NULL),
(530, 'North Nazimabad Block-S', 1, NULL, NULL),
(531, 'Capital Smart City', 50, NULL, NULL),
(532, 'Saima Elite Villas', 13, NULL, NULL),
(533, 'Gulshan-e-Elahi', 15, NULL, NULL),
(534, 'Gulshan-e-Hadeed', 32, NULL, NULL),
(535, 'Gulshan-e-Benazir Township', 32, NULL, NULL),
(536, 'Mustafa Garden', 96, NULL, NULL),
(537, 'Sindh Small Industry Corporation', 15, NULL, NULL),
(538, 'Hadiara Gardens', 97, NULL, NULL),
(539, 'Al Rehman Gardens', 48, NULL, NULL),
(540, 'Top City-1', 23, NULL, NULL),
(541, 'Pink Rose Housing', 15, NULL, NULL),
(542, 'PECHS Islmabad', 23, NULL, NULL),
(543, 'Gohar Villas', 15, NULL, NULL),
(544, 'Danzoo Commerical', 11, NULL, NULL),
(545, 'Chappal Sun City', 13, NULL, NULL),
(546, 'Gulshan-e-Nazir', 15, NULL, NULL),
(547, 'DHA Multan Phase 1', 91, NULL, NULL),
(548, 'Gulmohar City', 51, NULL, NULL),
(549, 'Sector G-13', 87, NULL, NULL),
(550, 'Noor-e-Kareem Housing', 51, NULL, NULL),
(551, 'Sector I-16', 87, NULL, NULL),
(552, 'Karachi Rajput Cooperative Housing Society', 13, NULL, NULL),
(553, 'Radio  Pakistan Cooperative Housing Society', 13, NULL, NULL),
(554, 'Sahafee Cooperative Housing Society', 13, NULL, NULL),
(555, 'Hill View Garden', 99, NULL, NULL),
(556, 'Soomra Housing Society', 13, NULL, NULL),
(557, 'Al Baqei City', 51, NULL, NULL),
(558, 'Jinnah Avenue Commercial', 11, NULL, NULL),
(559, 'Sector G-11', 87, NULL, NULL),
(560, 'Sector G-15', 87, NULL, NULL),
(562, 'Defence Regency', 37, NULL, NULL),
(563, 'Dream Valley Smart City', 100, NULL, NULL),
(564, 'Central Park Housing Scheme', 95, NULL, NULL),
(565, 'Gulberg 1', 47, NULL, NULL),
(566, 'Gulberg 2', 47, NULL, NULL),
(567, 'Gulberg 3', 47, NULL, NULL),
(568, 'Gulberg 4', 47, NULL, NULL),
(569, 'Gulberg Greens', 70, NULL, NULL),
(570, 'Muslim Town 3', 89, NULL, NULL),
(571, 'Memon Heaven', 13, NULL, NULL),
(572, 'PIB Colony', 2, NULL, NULL),
(573, 'Memon Town', 15, NULL, NULL),
(574, 'Silver City Rawalpindi', 69, NULL, NULL),
(575, 'Mumtaz City', 23, NULL, NULL),
(576, 'Sector I-14', 87, NULL, NULL),
(577, 'Mehmoodabad No. 1', 101, NULL, NULL),
(578, 'Legacy Commercial', 11, NULL, NULL),
(579, 'Paposh Nagar', 27, NULL, NULL),
(580, 'DHA Valley', 76, NULL, NULL),
(581, 'Isra Village', 102, NULL, NULL),
(582, 'Lahore Smart City', 103, NULL, NULL),
(583, 'Wapda City', 104, NULL, NULL),
(584, 'Green Farmhouse', 15, NULL, NULL),
(585, 'NFC Society - Phase 1', 54, NULL, NULL),
(586, 'NFC Society - Phase 2', 105, NULL, NULL),
(588, 'Areesha City', 52, NULL, NULL),
(589, 'Gulshan-e-Roomi', 13, NULL, NULL),
(590, 'Jutland', 106, NULL, NULL),
(591, 'Pioneer Fountain', 13, NULL, NULL),
(593, 'Hospital Commercial', 11, NULL, NULL),
(594, 'Seven Wonder City Islamabad', 107, NULL, NULL),
(595, 'Sector G-16', 87, NULL, NULL),
(596, 'Sector G-6', 87, NULL, NULL),
(597, 'Sector G-7', 87, NULL, NULL),
(598, 'Sector G-8', 87, NULL, NULL),
(599, 'Sector G-9', 87, NULL, NULL),
(600, 'All Sectors', 108, NULL, NULL),
(601, 'All Sectors', 110, NULL, NULL),
(602, 'All Sectors', 109, NULL, NULL),
(603, 'Sector G-10', 87, NULL, NULL),
(604, 'Sector G-12', 87, NULL, NULL),
(605, 'Gandhara Employees Housing Society', 13, NULL, NULL),
(606, 'Muhammad Bin Qasim Cooperative Housing Society', 15, NULL, NULL),
(607, 'DHA Peshawar', 94, NULL, NULL),
(608, 'Korang Town', 70, NULL, NULL),
(609, 'Super Highway M9', 51, NULL, NULL),
(610, 'National Highway NH5', 111, NULL, NULL),
(611, 'Sector I-10', 87, NULL, NULL),
(612, 'Sector I-11', 87, NULL, NULL),
(614, 'Sector I-15', 87, NULL, NULL),
(615, 'Sector I-8', 87, NULL, NULL),
(616, 'Sector I-9', 87, NULL, NULL),
(617, 'WAPDA Town Islamabad', 112, NULL, NULL),
(618, 'Sector F-5', 87, NULL, NULL),
(619, 'Sector F-6', 87, NULL, NULL),
(620, 'Sector F-7', 87, NULL, NULL),
(621, 'Sector F-8', 87, NULL, NULL),
(622, 'Sector F-10', 87, NULL, NULL),
(623, 'Sector F-11', 87, NULL, NULL),
(624, 'Sector F-15', 87, NULL, NULL),
(625, 'Sector F-16', 87, NULL, NULL),
(626, 'Sector E-7', 87, NULL, NULL),
(627, 'Sector 31-C', 37, NULL, NULL),
(628, 'Sector E-8', 87, NULL, NULL),
(629, 'Sector E-9', 87, NULL, NULL),
(630, 'Sector E-10', 87, NULL, NULL),
(631, 'Sector E-11', 87, NULL, NULL),
(632, 'Sector E-12', 87, NULL, NULL),
(633, 'Sector E-13', 87, NULL, NULL),
(634, 'Sector E-16', 87, NULL, NULL),
(635, 'Sector E-17', 87, NULL, NULL),
(636, 'Sector E-18', 87, NULL, NULL),
(637, 'Sector E-19', 87, NULL, NULL),
(638, 'Sector D-12', 87, NULL, NULL),
(639, 'Sector D-17', 87, NULL, NULL),
(640, 'Pakistan PWD Society', 70, NULL, NULL),
(641, 'Sector F-17', 87, NULL, NULL),
(642, 'DHA Quetta Phase 1', 113, NULL, NULL),
(643, 'Faisal Town', 114, NULL, NULL),
(644, 'Sanober Garden', 52, NULL, NULL),
(645, 'Sohni Saiban', 13, NULL, NULL),
(646, 'Sector D-13', 87, NULL, NULL),
(647, 'Sector D-18', 87, NULL, NULL),
(648, 'Sector 11-I', 5, NULL, NULL),
(649, 'Kashmir Model Town', 34, NULL, NULL),
(650, 'Kings Grand Apartment', 13, NULL, NULL),
(651, 'Citi Comfort', 13, NULL, NULL),
(652, 'Shahmir Residency', 13, NULL, NULL),
(653, 'Falaknaz Presidency', 13, NULL, NULL),
(654, 'Isfahan Town', 51, NULL, NULL),
(655, 'Ideal Gold Town', 13, NULL, NULL),
(656, 'Quaid Commercial', 11, NULL, NULL),
(657, 'Progressive Heights 1', 11, NULL, NULL),
(658, 'Progressive Heights 2', 11, NULL, NULL),
(659, 'Gulshan e Fatima Society', 63, NULL, NULL),
(660, 'Shad Bahg Cooperative Housing Society', 13, NULL, NULL),
(661, 'Iqbal Garden', 103, NULL, NULL),
(662, 'Gulshan-e-Usman Housing Society', 13, NULL, NULL),
(663, 'TwentyOne Smart City', 51, NULL, NULL),
(664, 'New Metro City', 115, NULL, NULL),
(665, 'Ittehad City Housing Society', 116, NULL, NULL),
(666, 'AM Residencia Islamabad', 34, NULL, NULL),
(667, 'Soan Gardens', 70, NULL, NULL),
(668, 'Fatima Presidency', 13, NULL, NULL),
(669, 'Alize Garden', 40, NULL, NULL),
(670, 'New Metro City', 115, NULL, NULL),
(671, 'Tab City Rawalpindi', 117, NULL, NULL),
(672, 'Al Ghafoor Green City', 15, NULL, NULL),
(673, 'Falaknaz Twin Tower', 13, NULL, NULL),
(674, 'Ajmer Tower', 13, NULL, NULL),
(675, 'Saima Luxury Homes', 36, NULL, NULL),
(676, 'Mid Town', 51, NULL, NULL),
(677, 'Annafeu Garden Vista', 15, NULL, NULL),
(678, 'North Town Residency Phase 4', 15, NULL, NULL),
(679, 'Gulshan-e-Noor', 15, NULL, NULL),
(680, 'Soldier Bazaar', 79, NULL, NULL),
(681, 'Makhdoom Bilawal Cooperative Housing Society', 37, NULL, NULL),
(682, 'GM Lakhani Towers', 13, NULL, NULL),
(683, 'Gulshan-e-Saadi', 15, NULL, NULL),
(684, 'Al Muntazar Garden', 51, NULL, NULL),
(685, 'Gulistan-e-Islam Cooperative Housing Society', 13, NULL, NULL),
(686, 'Sector 7-D', 5, NULL, NULL),
(687, 'Gulshan-e-Kaneez Fatima Society', 26, NULL, NULL),
(688, 'Lyallpur Avenue', 118, NULL, NULL),
(689, 'Zaamin Town', 51, NULL, NULL),
(690, 'Northern Greens', 15, NULL, NULL),
(691, 'Gulshan e Kaneez Fatima Town', 15, NULL, NULL),
(692, 'Rafi Premier Residency', 13, NULL, NULL),
(693, 'Bahria Town Karchi 2', 51, NULL, NULL),
(694, 'Khokhrapar', 40, NULL, NULL),
(695, 'Saleh Muhammad Jumani Goth', 52, NULL, NULL),
(696, 'Emaar Crescent Bay', 9, NULL, NULL),
(697, 'Wali Town', 111, NULL, NULL),
(698, 'Shah Town', 32, NULL, NULL),
(699, 'Roman City', 32, NULL, NULL),
(700, 'Ezzi City', 32, NULL, NULL),
(701, 'Data Nagar', 32, NULL, NULL),
(702, 'Gulshan-e-Falaknaz', 32, NULL, NULL),
(703, 'Gulistan-e-Faisal', 32, NULL, NULL),
(704, 'All Pakistan Newspaper Employee CHS', 13, NULL, NULL),
(705, 'Gohar Green City', 58, NULL, NULL),
(706, 'Gulshan-e-Mehran', 13, NULL, NULL),
(707, 'Malipura', 119, NULL, NULL),
(708, 'PIA Housing Scheme', 54, NULL, NULL),
(709, 'Green Town', 120, NULL, NULL),
(710, 'Eden Orchard', 121, NULL, NULL),
(711, 'Kehna Kacha', 80, NULL, NULL),
(712, 'Ayesha Green', 15, NULL, NULL),
(713, 'Shalimar Plaza', 122, NULL, NULL),
(714, 'LARECHS Cooperative Housing Society', 123, NULL, NULL),
(715, 'Zaitoon City Lahore', 105, NULL, NULL),
(716, 'Sector B-17', 87, NULL, NULL),
(717, 'Sachal Sarmast Town', 13, NULL, NULL),
(718, 'Bin Ahsan Green City', 51, NULL, NULL),
(719, 'Nimra Paradise', 5, NULL, NULL),
(720, 'Mehboob Heights', 5, NULL, NULL),
(721, 'Faiza Avenue', 5, NULL, NULL),
(722, 'Shahab Arcade', 18, NULL, NULL),
(723, 'Florence Arcade', 5, NULL, NULL),
(724, 'Pearl Luxury Apartment', 5, NULL, NULL),
(725, 'Mariam Residency', 5, NULL, NULL),
(726, 'Kiran Terrace', 5, NULL, NULL),
(727, 'Nadeem Residency', 5, NULL, NULL),
(728, 'AL-RAHIM APARTMENT', 5, NULL, NULL),
(729, 'Al-Rehman Arcade', 5, NULL, NULL),
(730, 'Sarah Heights Apartment', 5, NULL, NULL),
(731, 'Agriculture Lands', 52, NULL, NULL),
(732, 'Sector 11-L', 5, NULL, NULL),
(733, 'Sector 35', 37, NULL, NULL),
(734, 'Sector 11', 39, NULL, NULL),
(735, 'Canadian City', 124, NULL, NULL),
(736, 'Karachi Dream Villas', 15, NULL, NULL),
(737, 'Sector 7-C', 5, NULL, NULL),
(738, 'Usman Town', 39, NULL, NULL),
(739, 'Band Road', 119, NULL, NULL),
(740, 'Barkat Town', 123, NULL, NULL),
(741, 'Saggian Chowk', 126, NULL, NULL),
(742, 'Izmir Town', 105, NULL, NULL),
(743, 'Unit-1', 127, NULL, NULL),
(744, 'Unit-6', 127, NULL, NULL),
(745, 'Sector 16', 39, NULL, NULL),
(746, 'Din Gardens', 104, NULL, NULL),
(747, 'Hartus Green Farm Houses', 117, NULL, NULL),
(748, 'Light House Market', 128, NULL, NULL),
(749, 'Pakistan Chowk', 128, NULL, NULL),
(750, 'Sector H-13', 87, NULL, NULL),
(751, 'Al Jadeed Residency', 40, NULL, NULL),
(752, 'Sector 11-J', 5, NULL, NULL),
(753, 'River Valley', 40, NULL, NULL),
(754, 'Al Mehran Cooperative Housing Society', 13, NULL, NULL),
(755, 'Mehmoodabad Gate', 101, NULL, NULL),
(756, 'Arif Residency Housing Society', 15, NULL, NULL),
(757, 'Kingdom Valley Lahore Phase 1', 129, NULL, NULL),
(758, 'Mall Road Commercial', 130, NULL, NULL),
(759, 'CBR Town Phase 2', 70, NULL, NULL),
(760, 'Faisal Town Phase 2', 69, NULL, NULL),
(761, 'Burma Town', 70, NULL, NULL),
(762, 'Saima Boulevard', 13, NULL, NULL),
(763, 'Main Murree Motorway', 100, NULL, NULL);

-- --------------------------------------------------------

--
-- Table structure for table `sessions`
--

CREATE TABLE `sessions` (
  `id` varchar(255) NOT NULL,
  `user_id` bigint(20) UNSIGNED DEFAULT NULL,
  `ip_address` varchar(45) DEFAULT NULL,
  `user_agent` text DEFAULT NULL,
  `payload` longtext NOT NULL,
  `last_activity` int(11) NOT NULL
) ENGINE=InnoDB DEFAULT CHARSET=utf8mb4 COLLATE=utf8mb4_unicode_ci;

--
-- Dumping data for table `sessions`
--

INSERT INTO `sessions` (`id`, `user_id`, `ip_address`, `user_agent`, `payload`, `last_activity`) VALUES
('mAwnmFlmnmLqifH0gODNbadtENfHfvKsYCv2fjxF', 1, '127.0.0.1', 'Mozilla/5.0 (Windows NT 10.0; Win64; x64) AppleWebKit/537.36 (KHTML, like Gecko) Chrome/139.0.0.0 Safari/537.36', 'YTo1OntzOjY6Il90b2tlbiI7czo0MDoieDdDcjZLcFI3OWdkaWF2eHFZTVpiaTd1RW1ObGtySm14Y09KTmFVQiI7czo5OiJfcHJldmlvdXMiO2E6MTp7czozOiJ1cmwiO3M6NTE6Imh0dHA6Ly9sb2NhbGhvc3Q6ODAwMC9wcm9wZXJ0eS1hZHZlcnRpc2VtZW50cy9pbmRleCI7fXM6NjoiX2ZsYXNoIjthOjI6e3M6Mzoib2xkIjthOjA6e31zOjM6Im5ldyI7YTowOnt9fXM6NTA6ImxvZ2luX3dlYl81OWJhMzZhZGRjMmIyZjk0MDE1ODBmMDE0YzdmNThlYTRlMzA5ODlkIjtpOjE7czoyMToicGFzc3dvcmRfaGFzaF9zYW5jdHVtIjtzOjYwOiIkMnkkMTIkd0xVRTRZMERVZFU4QmZoanlQLjF6dVBYYS5aSXJCQ21HTWdVamQ4VW5OLzExVEVCVE81c3EiO30=', 1756547725);

-- --------------------------------------------------------

--
-- Table structure for table `towns`
--

CREATE TABLE `towns` (
  `id` bigint(20) UNSIGNED NOT NULL,
  `name` varchar(255) NOT NULL,
  `city_id` bigint(20) UNSIGNED NOT NULL,
  `created_at` timestamp NULL DEFAULT NULL,
  `updated_at` timestamp NULL DEFAULT NULL
) ENGINE=InnoDB DEFAULT CHARSET=utf8mb4 COLLATE=utf8mb4_unicode_ci;

--
-- Dumping data for table `towns`
--

INSERT INTO `towns` (`id`, `name`, `city_id`, `created_at`, `updated_at`) VALUES
(1, 'North Nazimabad Town', 1, NULL, NULL),
(2, 'Gulshan-e-Iqbal Town', 1, NULL, NULL),
(3, 'Gulistan-e-Johar', 1, NULL, NULL),
(4, 'Federal B Area', 1, NULL, NULL),
(5, 'North Karachi Town', 1, NULL, NULL),
(6, 'Gulburg Town', 1, NULL, NULL),
(7, 'Liaquatabad Town', 1, NULL, NULL),
(9, 'Defense (DHA)', 1, NULL, NULL),
(10, 'Clifton', 1, NULL, NULL),
(11, 'Bahria Town Karachi', 1, NULL, NULL),
(12, 'DHA City Karachi', 1, NULL, NULL),
(13, 'Scheme 33', 1, NULL, NULL),
(14, 'Fazaia Housing Scheme', 1, NULL, NULL),
(15, 'Scheme 45', 1, NULL, NULL),
(16, 'Gulshan-e-Maymar', 1, NULL, NULL),
(18, 'New Karachi Town', 1, NULL, NULL),
(19, 'PECHS', 1, NULL, NULL),
(20, 'Zero Point Gawadar', 7, NULL, NULL),
(22, 'Rawat', 8, NULL, NULL),
(23, 'New Islamabad Airport', 8, NULL, NULL),
(24, 'Sector F8', 8, NULL, NULL),
(25, 'Sector F9', 8, NULL, NULL),
(26, 'Surjani Town', 1, NULL, NULL),
(27, 'Nazimabad', 1, NULL, NULL),
(28, 'Gizri', 1, NULL, NULL),
(29, 'Civil Lines', 1, NULL, NULL),
(31, 'Punjab Colony', 1, NULL, NULL),
(32, 'Bin Qasim Town', 1, NULL, NULL),
(33, 'Scheme 42', 1, NULL, NULL),
(34, 'Chakri Road', 9, NULL, NULL),
(35, 'Rawat', 9, NULL, NULL),
(36, 'Landhi Town', 1, NULL, NULL),
(37, 'Korangi Town', 1, NULL, NULL),
(38, 'Adiala Road', 9, NULL, NULL),
(39, 'Orangi Town', 1, NULL, NULL),
(40, 'Malir Town', 1, NULL, NULL),
(41, 'ASF Housing Scheme', 1, NULL, NULL),
(42, 'Garden', 1, NULL, NULL),
(43, 'Jamshed Town', 1, NULL, NULL),
(44, 'Bahadurabad', 1, NULL, NULL),
(45, 'Dehli Colony', 1, NULL, NULL),
(46, 'Model Town', 4, NULL, NULL),
(47, 'Gulberg Town', 4, NULL, NULL),
(48, 'Sharaqpur Road', 4, NULL, NULL),
(49, 'BMCHS', 1, NULL, NULL),
(50, 'Islamabad Lahore Motorway', 8, NULL, NULL),
(51, 'Super Highway Karachi', 1, NULL, NULL),
(52, 'Gadap Town', 1, NULL, NULL),
(53, 'Township', 4, NULL, NULL),
(54, 'Wapda Town', 4, NULL, NULL),
(55, 'Green Town', 4, NULL, NULL),
(56, 'DHA', 4, NULL, NULL),
(58, 'Shah Faisal Town', 1, NULL, NULL),
(60, 'Kemari Town', 1, NULL, NULL),
(61, 'S.I.T.E Town', 1, NULL, NULL),
(62, 'Rahwali Cantt', 10, NULL, NULL),
(63, 'Manghopir', 1, NULL, NULL),
(64, 'Malir Cantt', 1, NULL, NULL),
(65, 'Bahria Town Lahore', 4, NULL, NULL),
(66, 'Tariq Ismaeel Road', 4, NULL, NULL),
(67, 'Shah Latif Town', 1, NULL, NULL),
(68, 'Fatima Jinnah Town', 6, NULL, NULL),
(69, 'Thalian Interchange', 9, NULL, NULL),
(70, 'Islamabad Expressway', 8, NULL, NULL),
(71, 'CBRECHS', 8, NULL, NULL),
(72, 'Baldia Town', 1, NULL, NULL),
(73, 'Jinnah Avenue', 1, NULL, NULL),
(74, 'Bahria Town Rawalpindi Islamabad', 8, NULL, NULL),
(75, 'Malor Road', 8, NULL, NULL),
(76, 'DHA Islamabad-Rawalpindi', 8, NULL, NULL),
(77, 'Nawababad', 11, NULL, NULL),
(78, 'Canal Road', 14, NULL, NULL),
(79, 'Saddar Town', 1, NULL, NULL),
(80, 'New Defence Road', 4, NULL, NULL),
(81, 'Zero Point', 15, NULL, NULL),
(82, 'Northern Bypass Road', 6, NULL, NULL),
(83, 'Cherat Road', 16, NULL, NULL),
(84, 'Multan Public School Road', 6, NULL, NULL),
(85, 'Shahdara', 8, NULL, NULL),
(86, 'LDA City Interchange', 4, NULL, NULL),
(87, 'Capital Territory', 8, NULL, NULL),
(88, 'Faisal Cantonment', 1, NULL, NULL),
(89, 'Sarghoda Road', 5, NULL, NULL),
(90, 'Samundari Road', 5, NULL, NULL),
(91, 'Bosan Road', 6, NULL, NULL),
(92, 'Shujabad Road', 6, NULL, NULL),
(93, 'GT Road', 10, NULL, NULL),
(94, 'Nasir Bagh Road', 20, NULL, NULL),
(95, 'Ferozepur Road', 4, NULL, NULL),
(96, 'Eastern Bypass', 4, NULL, NULL),
(97, 'Barki Road', 4, NULL, NULL),
(98, 'Southern Bypass', 14, NULL, NULL),
(99, 'Lehtrar Road', 8, NULL, NULL),
(100, 'Muree Expressway', 8, NULL, NULL),
(101, 'Mehmoodabad', 1, NULL, NULL),
(102, 'Hala Naka Bypass', 2, NULL, NULL),
(103, 'Kala Shah Kaku', 4, NULL, NULL),
(104, 'Canal Road', 5, NULL, NULL),
(105, 'Main Canal Road', 4, NULL, NULL),
(106, 'Lines Area', 1, NULL, NULL),
(107, 'DI Khan Motorway', 8, NULL, NULL),
(108, 'Shalley Valley', 9, NULL, NULL),
(109, 'Range Road Rawalpindi', 9, NULL, NULL),
(110, 'Misrial Road', 9, NULL, NULL),
(111, 'National Highway Karachi', 1, NULL, NULL),
(112, 'IslamabadPeshawar Motorway', 8, NULL, NULL),
(113, 'RCD Highway', 21, NULL, NULL),
(114, 'Fateh Jang Road', 8, NULL, NULL),
(115, 'Gujar Khan', 9, NULL, NULL),
(116, 'Sadiqabad Road', 22, NULL, NULL),
(117, 'Chak Beli Khan', 9, NULL, NULL),
(118, 'Main Jaranwala Road', 5, NULL, NULL),
(119, 'Main Band Road', 4, NULL, NULL),
(120, 'Millat Road', 5, NULL, NULL),
(121, 'Zulfiqar Ali Shahid Road', 5, NULL, NULL),
(122, 'Chaklala Cantt', 9, NULL, NULL),
(123, 'Shahdara Bagh', 4, NULL, NULL),
(124, 'Mand International Trade Avenue', 7, NULL, NULL),
(125, 'Band Road', 4, NULL, NULL),
(126, 'Saggian Wala Road', 4, NULL, NULL),
(127, 'Latifabad', 2, NULL, NULL),
(128, 'M. A. Jinnah Road', 1, NULL, NULL),
(129, 'Shahpur Kanjra', 4, NULL, NULL),
(130, 'Mall Road', 9, NULL, NULL);

-- --------------------------------------------------------

--
-- Table structure for table `towns2`
--

CREATE TABLE `towns2` (
  `id` bigint(20) UNSIGNED NOT NULL DEFAULT 0,
  `name` varchar(255) CHARACTER SET utf8mb4 COLLATE utf8mb4_unicode_ci NOT NULL,
  `city_id` bigint(20) UNSIGNED NOT NULL,
  `created_at` timestamp NULL DEFAULT NULL,
  `updated_at` timestamp NULL DEFAULT NULL
) ENGINE=InnoDB DEFAULT CHARSET=utf8mb4 COLLATE=utf8mb4_general_ci;

--
-- Dumping data for table `towns2`
--

INSERT INTO `towns2` (`id`, `name`, `city_id`, `created_at`, `updated_at`) VALUES
(1, 'North Nazimabad Town', 0, NULL, NULL),
(2, 'Gulshan-e-Iqbal Town', 0, NULL, NULL),
(3, 'Gulistan-e-Johar', 0, NULL, NULL),
(4, 'Federal B Area', 0, NULL, NULL),
(5, 'North Karachi Town', 0, NULL, NULL),
(6, 'Gulburg Town', 0, NULL, NULL),
(7, 'Liaquatabad Town', 0, NULL, NULL),
(8, 'Defense (DHA)', 0, NULL, NULL),
(9, 'Clifton', 0, NULL, NULL),
(10, 'Bahria Town Karachi', 0, NULL, NULL),
(11, 'DHA City Karachi', 0, NULL, NULL),
(12, 'Scheme 33', 0, NULL, NULL),
(13, 'Fazaia Housing Scheme', 0, NULL, NULL),
(14, 'Scheme 45', 0, NULL, NULL),
(15, 'Gulshan-e-Maymar', 0, NULL, NULL),
(16, 'New Karachi Town', 0, NULL, NULL),
(17, 'PECHS', 0, NULL, NULL),
(18, 'Surjani Town', 0, NULL, NULL),
(19, 'Nazimabad', 0, NULL, NULL),
(20, 'Gizri', 0, NULL, NULL),
(21, 'Civil Lines', 0, NULL, NULL),
(22, 'Punjab Colony', 0, NULL, NULL),
(23, 'Bin Qasim Town', 0, NULL, NULL),
(24, 'Scheme 42', 0, NULL, NULL),
(25, 'Landhi Town', 0, NULL, NULL),
(26, 'Korangi Town', 0, NULL, NULL),
(27, 'Orangi Town', 0, NULL, NULL),
(28, 'Malir Town', 0, NULL, NULL),
(29, 'ASF Housing Scheme', 0, NULL, NULL),
(30, 'Garden', 0, NULL, NULL),
(31, 'Jamshed Town', 0, NULL, NULL),
(32, 'Bahadurabad', 0, NULL, NULL),
(33, 'Dehli Colony', 0, NULL, NULL),
(34, 'BMCHS', 0, NULL, NULL),
(35, 'Super Highway Karachi', 0, NULL, NULL),
(36, 'Gadap Town', 0, NULL, NULL),
(37, 'Shah Faisal Town', 0, NULL, NULL),
(38, 'Kemari Town', 0, NULL, NULL),
(39, 'S.I.T.E Town', 0, NULL, NULL),
(40, 'Manghopir', 0, NULL, NULL),
(41, 'Malir Cantt', 0, NULL, NULL),
(42, 'Shah Latif Town', 0, NULL, NULL),
(43, 'Baldia Town', 0, NULL, NULL),
(44, 'Jinnah Avenue', 0, NULL, NULL),
(45, 'Saddar Town', 0, NULL, NULL),
(46, 'Faisal Cantonment', 0, NULL, NULL),
(47, 'Mehmoodabad', 0, NULL, NULL),
(48, 'Lines Area', 0, NULL, NULL),
(49, 'National Highway Karachi', 0, NULL, NULL),
(50, 'M. A. Jinnah Road', 0, NULL, NULL);

-- --------------------------------------------------------

--
-- Table structure for table `users`
--

CREATE TABLE `users` (
  `id` bigint(20) UNSIGNED NOT NULL,
  `user_type` enum('Individual','Business') NOT NULL,
  `name` varchar(255) NOT NULL,
  `email` varchar(255) NOT NULL,
  `mobile` varchar(255) NOT NULL,
  `address` varchar(255) DEFAULT NULL,
  `profile_photo_path` varchar(255) DEFAULT NULL,
  `landline` varchar(255) DEFAULT NULL,
  `whatsapp` varchar(255) DEFAULT NULL,
  `email_verified_at` timestamp NULL DEFAULT NULL,
  `password` varchar(255) NOT NULL,
  `two_factor_secret` text DEFAULT NULL,
  `two_factor_recovery_codes` text DEFAULT NULL,
  `two_factor_confirmed_at` timestamp NULL DEFAULT NULL,
  `remember_token` varchar(100) DEFAULT NULL,
  `created_at` timestamp NULL DEFAULT NULL,
  `updated_at` timestamp NULL DEFAULT NULL
) ENGINE=InnoDB DEFAULT CHARSET=utf8mb4 COLLATE=utf8mb4_unicode_ci;

--
-- Dumping data for table `users`
--

INSERT INTO `users` (`id`, `user_type`, `name`, `email`, `mobile`, `address`, `profile_photo_path`, `landline`, `whatsapp`, `email_verified_at`, `password`, `two_factor_secret`, `two_factor_recovery_codes`, `two_factor_confirmed_at`, `remember_token`, `created_at`, `updated_at`) VALUES
(1, 'Individual', 'Anjum Sohail', 'itdanjum@gmail.com', '923180224024', NULL, '/profile-photos/2974Anjum.jpg', NULL, NULL, NULL, '$2y$12$wLUE4Y0DUdU8BfhjyP.1zuPXa.ZIrBCmGMgUjd8UnN/11TEBTO5sq', NULL, NULL, NULL, NULL, '2025-08-14 05:01:26', '2025-08-14 05:01:26');

--
-- Indexes for dumped tables
--

--
-- Indexes for table `blocks`
--
ALTER TABLE `blocks`
  ADD PRIMARY KEY (`id`),
  ADD KEY `blocks_sector_id_foreign` (`sector_id`);

--
-- Indexes for table `business_users`
--
ALTER TABLE `business_users`
  ADD PRIMARY KEY (`id`),
  ADD KEY `business_users_user_id_foreign` (`user_id`);

--
-- Indexes for table `cache`
--
ALTER TABLE `cache`
  ADD PRIMARY KEY (`key`);

--
-- Indexes for table `cache_locks`
--
ALTER TABLE `cache_locks`
  ADD PRIMARY KEY (`key`);

--
-- Indexes for table `cities`
--
ALTER TABLE `cities`
  ADD PRIMARY KEY (`id`),
  ADD UNIQUE KEY `cities_name_unique` (`name`);

--
-- Indexes for table `failed_jobs`
--
ALTER TABLE `failed_jobs`
  ADD PRIMARY KEY (`id`),
  ADD UNIQUE KEY `failed_jobs_uuid_unique` (`uuid`);

--
-- Indexes for table `jobs`
--
ALTER TABLE `jobs`
  ADD PRIMARY KEY (`id`),
  ADD KEY `jobs_queue_index` (`queue`);

--
-- Indexes for table `job_batches`
--
ALTER TABLE `job_batches`
  ADD PRIMARY KEY (`id`);

--
-- Indexes for table `migrations`
--
ALTER TABLE `migrations`
  ADD PRIMARY KEY (`id`);

--
-- Indexes for table `password_reset_tokens`
--
ALTER TABLE `password_reset_tokens`
  ADD PRIMARY KEY (`email`);

--
-- Indexes for table `personal_access_tokens`
--
ALTER TABLE `personal_access_tokens`
  ADD PRIMARY KEY (`id`),
  ADD UNIQUE KEY `personal_access_tokens_token_unique` (`token`),
  ADD KEY `personal_access_tokens_tokenable_type_tokenable_id_index` (`tokenable_type`,`tokenable_id`),
  ADD KEY `personal_access_tokens_expires_at_index` (`expires_at`);

--
-- Indexes for table `property_advertisements`
--
ALTER TABLE `property_advertisements`
  ADD PRIMARY KEY (`id`),
  ADD KEY `property_advertisements_user_id_foreign` (`user_id`),
  ADD KEY `property_advertisements_city_id_foreign` (`city_id`),
  ADD KEY `property_advertisements_town_id_foreign` (`town_id`),
  ADD KEY `property_advertisements_sector_id_foreign` (`sector_id`),
  ADD KEY `property_advertisements_block_id_foreign` (`block_id`);

--
-- Indexes for table `property_pictures`
--
ALTER TABLE `property_pictures`
  ADD PRIMARY KEY (`id`),
  ADD KEY `property_pictures_property_advertisement_id_foreign` (`property_advertisement_id`);

--
-- Indexes for table `sectors`
--
ALTER TABLE `sectors`
  ADD PRIMARY KEY (`id`),
  ADD KEY `sectors_town_id_foreign` (`town_id`);

--
-- Indexes for table `sessions`
--
ALTER TABLE `sessions`
  ADD PRIMARY KEY (`id`),
  ADD KEY `sessions_user_id_index` (`user_id`),
  ADD KEY `sessions_last_activity_index` (`last_activity`);

--
-- Indexes for table `towns`
--
ALTER TABLE `towns`
  ADD PRIMARY KEY (`id`),
  ADD KEY `towns_city_id_foreign` (`city_id`);

--
-- Indexes for table `users`
--
ALTER TABLE `users`
  ADD PRIMARY KEY (`id`),
  ADD UNIQUE KEY `users_email_unique` (`email`),
  ADD UNIQUE KEY `users_mobile_unique` (`mobile`);

--
-- AUTO_INCREMENT for dumped tables
--

--
-- AUTO_INCREMENT for table `blocks`
--
ALTER TABLE `blocks`
  MODIFY `id` bigint(20) UNSIGNED NOT NULL AUTO_INCREMENT, AUTO_INCREMENT=1495;

--
-- AUTO_INCREMENT for table `business_users`
--
ALTER TABLE `business_users`
  MODIFY `id` bigint(20) UNSIGNED NOT NULL AUTO_INCREMENT;

--
-- AUTO_INCREMENT for table `cities`
--
ALTER TABLE `cities`
  MODIFY `id` bigint(20) UNSIGNED NOT NULL AUTO_INCREMENT, AUTO_INCREMENT=23;

--
-- AUTO_INCREMENT for table `failed_jobs`
--
ALTER TABLE `failed_jobs`
  MODIFY `id` bigint(20) UNSIGNED NOT NULL AUTO_INCREMENT;

--
-- AUTO_INCREMENT for table `jobs`
--
ALTER TABLE `jobs`
  MODIFY `id` bigint(20) UNSIGNED NOT NULL AUTO_INCREMENT;

--
-- AUTO_INCREMENT for table `migrations`
--
ALTER TABLE `migrations`
  MODIFY `id` int(10) UNSIGNED NOT NULL AUTO_INCREMENT, AUTO_INCREMENT=33;

--
-- AUTO_INCREMENT for table `personal_access_tokens`
--
ALTER TABLE `personal_access_tokens`
  MODIFY `id` bigint(20) UNSIGNED NOT NULL AUTO_INCREMENT;

--
-- AUTO_INCREMENT for table `property_advertisements`
--
ALTER TABLE `property_advertisements`
  MODIFY `id` bigint(20) UNSIGNED NOT NULL AUTO_INCREMENT, AUTO_INCREMENT=41;

--
-- AUTO_INCREMENT for table `property_pictures`
--
ALTER TABLE `property_pictures`
  MODIFY `id` bigint(20) UNSIGNED NOT NULL AUTO_INCREMENT, AUTO_INCREMENT=22;

--
-- AUTO_INCREMENT for table `sectors`
--
ALTER TABLE `sectors`
  MODIFY `id` bigint(20) UNSIGNED NOT NULL AUTO_INCREMENT, AUTO_INCREMENT=764;

--
-- AUTO_INCREMENT for table `towns`
--
ALTER TABLE `towns`
  MODIFY `id` bigint(20) UNSIGNED NOT NULL AUTO_INCREMENT, AUTO_INCREMENT=131;

--
-- AUTO_INCREMENT for table `users`
--
ALTER TABLE `users`
  MODIFY `id` bigint(20) UNSIGNED NOT NULL AUTO_INCREMENT, AUTO_INCREMENT=2;

--
-- Constraints for dumped tables
--

--
-- Constraints for table `blocks`
--
ALTER TABLE `blocks`
  ADD CONSTRAINT `blocks_sector_id_foreign` FOREIGN KEY (`sector_id`) REFERENCES `sectors` (`id`) ON DELETE CASCADE;

--
-- Constraints for table `business_users`
--
ALTER TABLE `business_users`
  ADD CONSTRAINT `business_users_user_id_foreign` FOREIGN KEY (`user_id`) REFERENCES `users` (`id`) ON DELETE CASCADE;

--
-- Constraints for table `property_advertisements`
--
ALTER TABLE `property_advertisements`
  ADD CONSTRAINT `property_advertisements_block_id_foreign` FOREIGN KEY (`block_id`) REFERENCES `blocks` (`id`) ON DELETE SET NULL,
  ADD CONSTRAINT `property_advertisements_city_id_foreign` FOREIGN KEY (`city_id`) REFERENCES `cities` (`id`) ON DELETE CASCADE,
  ADD CONSTRAINT `property_advertisements_sector_id_foreign` FOREIGN KEY (`sector_id`) REFERENCES `sectors` (`id`) ON DELETE SET NULL,
  ADD CONSTRAINT `property_advertisements_town_id_foreign` FOREIGN KEY (`town_id`) REFERENCES `towns` (`id`) ON DELETE SET NULL,
  ADD CONSTRAINT `property_advertisements_user_id_foreign` FOREIGN KEY (`user_id`) REFERENCES `users` (`id`) ON DELETE CASCADE;

--
-- Constraints for table `property_pictures`
--
ALTER TABLE `property_pictures`
  ADD CONSTRAINT `property_pictures_property_advertisement_id_foreign` FOREIGN KEY (`property_advertisement_id`) REFERENCES `property_advertisements` (`id`) ON DELETE CASCADE;

--
-- Constraints for table `sectors`
--
ALTER TABLE `sectors`
  ADD CONSTRAINT `sectors_town_id_foreign` FOREIGN KEY (`town_id`) REFERENCES `towns` (`id`) ON DELETE CASCADE;

--
-- Constraints for table `towns`
--
ALTER TABLE `towns`
  ADD CONSTRAINT `towns_city_id_foreign` FOREIGN KEY (`city_id`) REFERENCES `cities` (`id`) ON DELETE CASCADE;
COMMIT;

/*!40101 SET CHARACTER_SET_CLIENT=@OLD_CHARACTER_SET_CLIENT */;
/*!40101 SET CHARACTER_SET_RESULTS=@OLD_CHARACTER_SET_RESULTS */;
/*!40101 SET COLLATION_CONNECTION=@OLD_COLLATION_CONNECTION */;
